[0.000000] (-) TimerEvent: {}
[0.000454] (ear_centerline) JobQueued: {'identifier': 'ear_centerline', 'dependencies': OrderedDict()}
[0.000495] (ear_msgs) JobQueued: {'identifier': 'ear_msgs', 'dependencies': OrderedDict()}
[0.000520] (ear_planner) JobQueued: {'identifier': 'ear_planner', 'dependencies': OrderedDict({'ear_msgs': '/home/micka/orlsurg/ros2_ws/install'})}
[0.000545] (ear_segmentation) JobQueued: {'identifier': 'ear_segmentation', 'dependencies': OrderedDict({'ear_msgs': '/home/micka/orlsurg/ros2_ws/install'})}
[0.000560] (ear_msgs) JobStarted: {'identifier': 'ear_msgs'}
[0.005314] (ear_centerline) JobStarted: {'identifier': 'ear_centerline'}
[0.008360] (ear_msgs) JobProgress: {'identifier': 'ear_msgs', 'progress': 'cmake'}
[0.010191] (ear_msgs) Command: {'cmd': ['/usr/bin/cmake', '/home/micka/orlsurg/ros2_ws/src/ear_msgs', '-DCATKIN_INSTALL_INTO_PREFIX_ROOT=0', '-DCATKIN_SYMLINK_INSTALL=ON', '-DCMAKE_INSTALL_PREFIX=/home/micka/orlsurg/ros2_ws/install'], 'cwd': '/home/micka/orlsurg/ros2_ws/build/ear_msgs', 'env': OrderedDict({'LESSOPEN': '| /usr/bin/lesspipe %s', 'USER': 'micka', 'ROS_PACKAGE_PATH': '/home/micka/orlsurg/ros2_ws/install/share', 'SHLVL': '1', 'LD_LIBRARY_PATH': '/home/micka/orlsurg/ros2_ws/install/lib:/opt/ros/jazzy/opt/rviz_ogre_vendor/lib:/opt/ros/jazzy/lib/x86_64-linux-gnu:/opt/ros/jazzy/opt/gz_math_vendor/lib:/opt/ros/jazzy/opt/gz_utils_vendor/lib:/opt/ros/jazzy/opt/gz_cmake_vendor/lib:/opt/ros/jazzy/lib', 'MOTD_SHOWN': 'update-motd', 'HOME': '/home/micka', 'OLDPWD': '/home/micka/orlsurg/ros2_ws', 'ROS_PYTHON_VERSION': '3', 'DBUS_SESSION_BUS_ADDRESS': 'unix:path=/run/user/1000/bus', 'WSL_DISTRO_NAME': 'Ubuntu-24.04', 'WAYLAND_DISPLAY': 'wayland-0', 'COLCON_PREFIX_PATH': '/home/micka/orlsurg/ros2_ws/install', 'ROS_DISTRO': 'jazzy', 'LOGNAME': 'micka', 'NAME': 'DESKTOP-5DTC4N1', 'WSL_INTEROP': '/run/WSL/608_interop', 'PULSE_SERVER': 'unix:/mnt/wslg/PulseServer', '_': '/usr/bin/colcon', 'ROS_VERSION': '2', 'PKG_CONFIG_PATH': '/home/micka/orlsurg/ros2_ws/install/lib/x86_64-linux-gnu/pkgconfig:/home/micka/orlsurg/ros2_ws/install/lib/pkgconfig', 'TERM': 'xterm-256color', 'RMW_FASTRTPS_USE_SHM': '0', 'PATH': '/opt/ros/jazzy/bin:/usr/local/sbin:/usr/local/bin:/usr/sbin:/usr/bin:/sbin:/bin:/usr/games:/usr/local/games:/usr/lib/wsl/lib:/mnt/c/Program Files/WindowsApps/MicrosoftCorporationII.WindowsSubsystemForLinux_2.6.1.0_x64__8wekyb3d8bbwe:/mnt/c/Program Files (x86)/Common Files/Oracle/Java/java8path:/mnt/c/Program Files (x86)/Common Files/Oracle/Java/javapath:/mnt/c/Program Files (x86)/VMware/VMware Workstation/bin/:/mnt/c/WINDOWS/system32:/mnt/c/WINDOWS:/mnt/c/WINDOWS/System32/Wbem:/mnt/c/WINDOWS/System32/WindowsPowerShell/v1.0/:/mnt/c/WINDOWS/System32/OpenSSH/:/mnt/c/Program Files/dotnet/:/mnt/c/Program Files/MATLAB/R2023b/runtime/win64:/mnt/c/Program Files/MATLAB/R2023b/bin:/mnt/c/Program Files/Microsoft SQL Server/150/Tools/Binn/:/mnt/c/Program Files/Microsoft SQL Server/Client SDK/ODBC/170/Tools/Binn/:/mnt/c/Program Files (x86)/Windows Kits/10/Windows Performance Toolkit/:/mnt/c/Program Files/Git/cmd:/mnt/c/Program Files/Docker/Docker/resources/bin:/mnt/c/Users/Micka/AppData/Local/Microsoft/WindowsApps:/mnt/c/Users/Micka/AppData/Local/Programs/Microsoft VS Code/bin:/mnt/c/Users/Micka/.dotnet/tools:/snap/bin', 'XDG_RUNTIME_DIR': '/run/user/1000/', 'DISPLAY': ':0', 'LANG': 'C.UTF-8', 'LS_COLORS': 'rs=0:di=01;34:ln=01;36:mh=00:pi=40;33:so=01;35:do=01;35:bd=40;33;01:cd=40;33;01:or=40;31;01:mi=00:su=37;41:sg=30;43:ca=00:tw=30;42:ow=34;42:st=37;44:ex=01;32:*.tar=01;31:*.tgz=01;31:*.arc=01;31:*.arj=01;31:*.taz=01;31:*.lha=01;31:*.lz4=01;31:*.lzh=01;31:*.lzma=01;31:*.tlz=01;31:*.txz=01;31:*.tzo=01;31:*.t7z=01;31:*.zip=01;31:*.z=01;31:*.dz=01;31:*.gz=01;31:*.lrz=01;31:*.lz=01;31:*.lzo=01;31:*.xz=01;31:*.zst=01;31:*.tzst=01;31:*.bz2=01;31:*.bz=01;31:*.tbz=01;31:*.tbz2=01;31:*.tz=01;31:*.deb=01;31:*.rpm=01;31:*.jar=01;31:*.war=01;31:*.ear=01;31:*.sar=01;31:*.rar=01;31:*.alz=01;31:*.ace=01;31:*.zoo=01;31:*.cpio=01;31:*.7z=01;31:*.rz=01;31:*.cab=01;31:*.wim=01;31:*.swm=01;31:*.dwm=01;31:*.esd=01;31:*.avif=01;35:*.jpg=01;35:*.jpeg=01;35:*.mjpg=01;35:*.mjpeg=01;35:*.gif=01;35:*.bmp=01;35:*.pbm=01;35:*.pgm=01;35:*.ppm=01;35:*.tga=01;35:*.xbm=01;35:*.xpm=01;35:*.tif=01;35:*.tiff=01;35:*.png=01;35:*.svg=01;35:*.svgz=01;35:*.mng=01;35:*.pcx=01;35:*.mov=01;35:*.mpg=01;35:*.mpeg=01;35:*.m2v=01;35:*.mkv=01;35:*.webm=01;35:*.webp=01;35:*.ogm=01;35:*.mp4=01;35:*.m4v=01;35:*.mp4v=01;35:*.vob=01;35:*.qt=01;35:*.nuv=01;35:*.wmv=01;35:*.asf=01;35:*.rm=01;35:*.rmvb=01;35:*.flc=01;35:*.avi=01;35:*.fli=01;35:*.flv=01;35:*.gl=01;35:*.dl=01;35:*.xcf=01;35:*.xwd=01;35:*.yuv=01;35:*.cgm=01;35:*.emf=01;35:*.ogv=01;35:*.ogx=01;35:*.aac=00;36:*.au=00;36:*.flac=00;36:*.m4a=00;36:*.mid=00;36:*.midi=00;36:*.mka=00;36:*.mp3=00;36:*.mpc=00;36:*.ogg=00;36:*.ra=00;36:*.wav=00;36:*.oga=00;36:*.opus=00;36:*.spx=00;36:*.xspf=00;36:*~=00;90:*#=00;90:*.bak=00;90:*.crdownload=00;90:*.dpkg-dist=00;90:*.dpkg-new=00;90:*.dpkg-old=00;90:*.dpkg-tmp=00;90:*.old=00;90:*.orig=00;90:*.part=00;90:*.rej=00;90:*.rpmnew=00;90:*.rpmorig=00;90:*.rpmsave=00;90:*.swp=00;90:*.tmp=00;90:*.ucf-dist=00;90:*.ucf-new=00;90:*.ucf-old=00;90:', 'AMENT_PREFIX_PATH': '/opt/ros/jazzy', 'SHELL': '/bin/bash', 'LESSCLOSE': '/usr/bin/lesspipe %s %s', 'ROS_AUTOMATIC_DISCOVERY_RANGE': 'SUBNET', 'PWD': '/home/micka/orlsurg/ros2_ws/build/ear_msgs', 'XDG_DATA_DIRS': '/usr/local/share:/usr/share:/var/lib/snapd/desktop', 'PYTHONPATH': '/home/micka/orlsurg/ros2_ws/install/lib/python3.12/site-packages:/opt/ros/jazzy/lib/python3.12/site-packages', 'COLCON': '1', 'WSL2_GUI_APPS_ENABLED': '1', 'HOSTTYPE': 'x86_64', 'CMAKE_PREFIX_PATH': '/home/micka/orlsurg/ros2_ws/install:/opt/ros/jazzy/opt/gz_math_vendor:/opt/ros/jazzy/opt/gz_utils_vendor:/opt/ros/jazzy/opt/gz_cmake_vendor', 'WSLENV': ''}), 'shell': False}
[0.012981] (ear_centerline) JobProgress: {'identifier': 'ear_centerline', 'progress': 'cmake'}
[0.014887] (ear_centerline) Command: {'cmd': ['/usr/bin/cmake', '/home/micka/orlsurg/ros2_ws/src/ear_centerline', '-DCATKIN_INSTALL_INTO_PREFIX_ROOT=0', '-DCATKIN_SYMLINK_INSTALL=ON', '-DCMAKE_INSTALL_PREFIX=/home/micka/orlsurg/ros2_ws/install'], 'cwd': '/home/micka/orlsurg/ros2_ws/build/ear_centerline', 'env': OrderedDict({'LESSOPEN': '| /usr/bin/lesspipe %s', 'USER': 'micka', 'ROS_PACKAGE_PATH': '/home/micka/orlsurg/ros2_ws/install/share', 'SHLVL': '1', 'LD_LIBRARY_PATH': '/home/micka/orlsurg/ros2_ws/install/lib:/opt/ros/jazzy/opt/rviz_ogre_vendor/lib:/opt/ros/jazzy/lib/x86_64-linux-gnu:/opt/ros/jazzy/opt/gz_math_vendor/lib:/opt/ros/jazzy/opt/gz_utils_vendor/lib:/opt/ros/jazzy/opt/gz_cmake_vendor/lib:/opt/ros/jazzy/lib', 'MOTD_SHOWN': 'update-motd', 'HOME': '/home/micka', 'OLDPWD': '/home/micka/orlsurg/ros2_ws', 'ROS_PYTHON_VERSION': '3', 'DBUS_SESSION_BUS_ADDRESS': 'unix:path=/run/user/1000/bus', 'WSL_DISTRO_NAME': 'Ubuntu-24.04', 'WAYLAND_DISPLAY': 'wayland-0', 'COLCON_PREFIX_PATH': '/home/micka/orlsurg/ros2_ws/install', 'ROS_DISTRO': 'jazzy', 'LOGNAME': 'micka', 'NAME': 'DESKTOP-5DTC4N1', 'WSL_INTEROP': '/run/WSL/608_interop', 'PULSE_SERVER': 'unix:/mnt/wslg/PulseServer', '_': '/usr/bin/colcon', 'ROS_VERSION': '2', 'PKG_CONFIG_PATH': '/home/micka/orlsurg/ros2_ws/install/lib/x86_64-linux-gnu/pkgconfig:/home/micka/orlsurg/ros2_ws/install/lib/pkgconfig', 'TERM': 'xterm-256color', 'RMW_FASTRTPS_USE_SHM': '0', 'PATH': '/opt/ros/jazzy/bin:/usr/local/sbin:/usr/local/bin:/usr/sbin:/usr/bin:/sbin:/bin:/usr/games:/usr/local/games:/usr/lib/wsl/lib:/mnt/c/Program Files/WindowsApps/MicrosoftCorporationII.WindowsSubsystemForLinux_2.6.1.0_x64__8wekyb3d8bbwe:/mnt/c/Program Files (x86)/Common Files/Oracle/Java/java8path:/mnt/c/Program Files (x86)/Common Files/Oracle/Java/javapath:/mnt/c/Program Files (x86)/VMware/VMware Workstation/bin/:/mnt/c/WINDOWS/system32:/mnt/c/WINDOWS:/mnt/c/WINDOWS/System32/Wbem:/mnt/c/WINDOWS/System32/WindowsPowerShell/v1.0/:/mnt/c/WINDOWS/System32/OpenSSH/:/mnt/c/Program Files/dotnet/:/mnt/c/Program Files/MATLAB/R2023b/runtime/win64:/mnt/c/Program Files/MATLAB/R2023b/bin:/mnt/c/Program Files/Microsoft SQL Server/150/Tools/Binn/:/mnt/c/Program Files/Microsoft SQL Server/Client SDK/ODBC/170/Tools/Binn/:/mnt/c/Program Files (x86)/Windows Kits/10/Windows Performance Toolkit/:/mnt/c/Program Files/Git/cmd:/mnt/c/Program Files/Docker/Docker/resources/bin:/mnt/c/Users/Micka/AppData/Local/Microsoft/WindowsApps:/mnt/c/Users/Micka/AppData/Local/Programs/Microsoft VS Code/bin:/mnt/c/Users/Micka/.dotnet/tools:/snap/bin', 'XDG_RUNTIME_DIR': '/run/user/1000/', 'DISPLAY': ':0', 'LANG': 'C.UTF-8', 'LS_COLORS': 'rs=0:di=01;34:ln=01;36:mh=00:pi=40;33:so=01;35:do=01;35:bd=40;33;01:cd=40;33;01:or=40;31;01:mi=00:su=37;41:sg=30;43:ca=00:tw=30;42:ow=34;42:st=37;44:ex=01;32:*.tar=01;31:*.tgz=01;31:*.arc=01;31:*.arj=01;31:*.taz=01;31:*.lha=01;31:*.lz4=01;31:*.lzh=01;31:*.lzma=01;31:*.tlz=01;31:*.txz=01;31:*.tzo=01;31:*.t7z=01;31:*.zip=01;31:*.z=01;31:*.dz=01;31:*.gz=01;31:*.lrz=01;31:*.lz=01;31:*.lzo=01;31:*.xz=01;31:*.zst=01;31:*.tzst=01;31:*.bz2=01;31:*.bz=01;31:*.tbz=01;31:*.tbz2=01;31:*.tz=01;31:*.deb=01;31:*.rpm=01;31:*.jar=01;31:*.war=01;31:*.ear=01;31:*.sar=01;31:*.rar=01;31:*.alz=01;31:*.ace=01;31:*.zoo=01;31:*.cpio=01;31:*.7z=01;31:*.rz=01;31:*.cab=01;31:*.wim=01;31:*.swm=01;31:*.dwm=01;31:*.esd=01;31:*.avif=01;35:*.jpg=01;35:*.jpeg=01;35:*.mjpg=01;35:*.mjpeg=01;35:*.gif=01;35:*.bmp=01;35:*.pbm=01;35:*.pgm=01;35:*.ppm=01;35:*.tga=01;35:*.xbm=01;35:*.xpm=01;35:*.tif=01;35:*.tiff=01;35:*.png=01;35:*.svg=01;35:*.svgz=01;35:*.mng=01;35:*.pcx=01;35:*.mov=01;35:*.mpg=01;35:*.mpeg=01;35:*.m2v=01;35:*.mkv=01;35:*.webm=01;35:*.webp=01;35:*.ogm=01;35:*.mp4=01;35:*.m4v=01;35:*.mp4v=01;35:*.vob=01;35:*.qt=01;35:*.nuv=01;35:*.wmv=01;35:*.asf=01;35:*.rm=01;35:*.rmvb=01;35:*.flc=01;35:*.avi=01;35:*.fli=01;35:*.flv=01;35:*.gl=01;35:*.dl=01;35:*.xcf=01;35:*.xwd=01;35:*.yuv=01;35:*.cgm=01;35:*.emf=01;35:*.ogv=01;35:*.ogx=01;35:*.aac=00;36:*.au=00;36:*.flac=00;36:*.m4a=00;36:*.mid=00;36:*.midi=00;36:*.mka=00;36:*.mp3=00;36:*.mpc=00;36:*.ogg=00;36:*.ra=00;36:*.wav=00;36:*.oga=00;36:*.opus=00;36:*.spx=00;36:*.xspf=00;36:*~=00;90:*#=00;90:*.bak=00;90:*.crdownload=00;90:*.dpkg-dist=00;90:*.dpkg-new=00;90:*.dpkg-old=00;90:*.dpkg-tmp=00;90:*.old=00;90:*.orig=00;90:*.part=00;90:*.rej=00;90:*.rpmnew=00;90:*.rpmorig=00;90:*.rpmsave=00;90:*.swp=00;90:*.tmp=00;90:*.ucf-dist=00;90:*.ucf-new=00;90:*.ucf-old=00;90:', 'AMENT_PREFIX_PATH': '/opt/ros/jazzy', 'SHELL': '/bin/bash', 'LESSCLOSE': '/usr/bin/lesspipe %s %s', 'ROS_AUTOMATIC_DISCOVERY_RANGE': 'SUBNET', 'PWD': '/home/micka/orlsurg/ros2_ws/build/ear_centerline', 'XDG_DATA_DIRS': '/usr/local/share:/usr/share:/var/lib/snapd/desktop', 'PYTHONPATH': '/home/micka/orlsurg/ros2_ws/install/lib/python3.12/site-packages:/opt/ros/jazzy/lib/python3.12/site-packages', 'COLCON': '1', 'WSL2_GUI_APPS_ENABLED': '1', 'HOSTTYPE': 'x86_64', 'CMAKE_PREFIX_PATH': '/home/micka/orlsurg/ros2_ws/install:/opt/ros/jazzy/opt/gz_math_vendor:/opt/ros/jazzy/opt/gz_utils_vendor:/opt/ros/jazzy/opt/gz_cmake_vendor', 'WSLENV': ''}), 'shell': False}
[0.088694] (ear_centerline) StdoutLine: {'line': b'-- The C compiler identification is GNU 13.3.0\n'}
[0.089180] (ear_msgs) StdoutLine: {'line': b'-- The C compiler identification is GNU 13.3.0\n'}
[0.100048] (-) TimerEvent: {}
[0.200384] (-) TimerEvent: {}
[0.300699] (-) TimerEvent: {}
[0.365400] (ear_centerline) StdoutLine: {'line': b'-- The CXX compiler identification is GNU 13.3.0\n'}
[0.365548] (ear_msgs) StdoutLine: {'line': b'-- The CXX compiler identification is GNU 13.3.0\n'}
[0.400904] (-) TimerEvent: {}
[0.501292] (-) TimerEvent: {}
[0.593247] (ear_centerline) StdoutLine: {'line': b'-- Detecting C compiler ABI info\n'}
[0.596371] (ear_msgs) StdoutLine: {'line': b'-- Detecting C compiler ABI info\n'}
[0.601477] (-) TimerEvent: {}
[0.701858] (-) TimerEvent: {}
[0.732131] (ear_centerline) StdoutLine: {'line': b'-- Detecting C compiler ABI info - done\n'}
[0.733861] (ear_msgs) StdoutLine: {'line': b'-- Detecting C compiler ABI info - done\n'}
[0.738587] (ear_centerline) StdoutLine: {'line': b'-- Check for working C compiler: /usr/bin/cc - skipped\n'}
[0.738767] (ear_centerline) StdoutLine: {'line': b'-- Detecting C compile features\n'}
[0.739031] (ear_centerline) StdoutLine: {'line': b'-- Detecting C compile features - done\n'}
[0.739855] (ear_msgs) StdoutLine: {'line': b'-- Check for working C compiler: /usr/bin/cc - skipped\n'}
[0.740108] (ear_msgs) StdoutLine: {'line': b'-- Detecting C compile features\n'}
[0.740358] (ear_msgs) StdoutLine: {'line': b'-- Detecting C compile features - done\n'}
[0.772033] (ear_centerline) StdoutLine: {'line': b'-- Detecting CXX compiler ABI info\n'}
[0.772207] (ear_msgs) StdoutLine: {'line': b'-- Detecting CXX compiler ABI info\n'}
[0.802416] (-) TimerEvent: {}
[0.903573] (-) TimerEvent: {}
[0.915333] (ear_centerline) StdoutLine: {'line': b'-- Detecting CXX compiler ABI info - done\n'}
[0.915565] (ear_msgs) StdoutLine: {'line': b'-- Detecting CXX compiler ABI info - done\n'}
[0.921351] (ear_centerline) StdoutLine: {'line': b'-- Check for working CXX compiler: /usr/bin/c++ - skipped\n'}
[0.921558] (ear_centerline) StdoutLine: {'line': b'-- Detecting CXX compile features\n'}
[0.921795] (ear_msgs) StdoutLine: {'line': b'-- Check for working CXX compiler: /usr/bin/c++ - skipped\n'}
[0.921878] (ear_centerline) StdoutLine: {'line': b'-- Detecting CXX compile features - done\n'}
[0.921997] (ear_msgs) StdoutLine: {'line': b'-- Detecting CXX compile features\n'}
[0.922422] (ear_msgs) StdoutLine: {'line': b'-- Detecting CXX compile features - done\n'}
[0.924159] (ear_centerline) StdoutLine: {'line': b'-- Found ament_cmake: 2.5.4 (/opt/ros/jazzy/share/ament_cmake/cmake)\n'}
[0.924528] (ear_msgs) StdoutLine: {'line': b'-- Found ament_cmake: 2.5.4 (/opt/ros/jazzy/share/ament_cmake/cmake)\n'}
[1.003988] (-) TimerEvent: {}
[1.037037] (ear_centerline) StdoutLine: {'line': b'-- Found Python3: /usr/bin/python3 (found version "3.12.3") found components: Interpreter \n'}
[1.037273] (ear_msgs) StdoutLine: {'line': b'-- Found Python3: /usr/bin/python3 (found version "3.12.3") found components: Interpreter \n'}
[1.104438] (-) TimerEvent: {}
[1.117548] (ear_centerline) StdoutLine: {'line': b'-- Found rclpy: 7.1.5 (/opt/ros/jazzy/share/rclpy/cmake)\n'}
[1.117977] (ear_msgs) StdoutLine: {'line': b'-- Found rosidl_default_generators: 1.6.0 (/opt/ros/jazzy/share/rosidl_default_generators/cmake)\n'}
[1.118749] (ear_centerline) StdoutLine: {'line': b'-- Found geometry_msgs: 5.3.6 (/opt/ros/jazzy/share/geometry_msgs/cmake)\n'}
[1.122318] (ear_msgs) StdoutLine: {'line': b'-- Using all available rosidl_typesupport_c: rosidl_typesupport_fastrtps_c;rosidl_typesupport_introspection_c\n'}
[1.204609] (-) TimerEvent: {}
[1.212865] (ear_centerline) StdoutLine: {'line': b'-- Found rosidl_generator_c: 4.6.6 (/opt/ros/jazzy/share/rosidl_generator_c/cmake)\n'}
[1.222077] (ear_centerline) StdoutLine: {'line': b'-- Found rosidl_generator_cpp: 4.6.6 (/opt/ros/jazzy/share/rosidl_generator_cpp/cmake)\n'}
[1.222362] (ear_msgs) StdoutLine: {'line': b'-- Using all available rosidl_typesupport_cpp: rosidl_typesupport_fastrtps_cpp;rosidl_typesupport_introspection_cpp\n'}
[1.233069] (ear_centerline) StdoutLine: {'line': b'-- Using all available rosidl_typesupport_c: rosidl_typesupport_fastrtps_c;rosidl_typesupport_introspection_c\n'}
[1.245306] (ear_centerline) StdoutLine: {'line': b'-- Using all available rosidl_typesupport_cpp: rosidl_typesupport_fastrtps_cpp;rosidl_typesupport_introspection_cpp\n'}
[1.252850] (ear_msgs) StdoutLine: {'line': b'-- Found rosidl_adapter: 4.6.6 (/opt/ros/jazzy/share/rosidl_adapter/cmake)\n'}
[1.255075] (ear_msgs) StdoutLine: {'line': b'-- Found builtin_interfaces: 2.0.3 (/opt/ros/jazzy/share/builtin_interfaces/cmake)\n'}
[1.265027] (ear_msgs) StdoutLine: {'line': b'-- Found geometry_msgs: 5.3.6 (/opt/ros/jazzy/share/geometry_msgs/cmake)\n'}
[1.289954] (ear_msgs) StdoutLine: {'line': b'-- Found nav_msgs: 5.3.6 (/opt/ros/jazzy/share/nav_msgs/cmake)\n'}
[1.304766] (-) TimerEvent: {}
[1.405104] (-) TimerEvent: {}
[1.424513] (ear_centerline) StdoutLine: {'line': b'-- Configuring done (1.4s)\n'}
[1.433989] (ear_centerline) StdoutLine: {'line': b'-- Generating done (0.0s)\n'}
[1.434912] (ear_centerline) StderrLine: {'line': b'\x1b[33mCMake Warning:\n'}
[1.435049] (ear_centerline) StderrLine: {'line': b'  Manually-specified variables were not used by the project:\n'}
[1.435115] (ear_centerline) StderrLine: {'line': b'\n'}
[1.435175] (ear_centerline) StderrLine: {'line': b'    CATKIN_INSTALL_INTO_PREFIX_ROOT\n'}
[1.435233] (ear_centerline) StderrLine: {'line': b'    CATKIN_SYMLINK_INSTALL\n'}
[1.435287] (ear_centerline) StderrLine: {'line': b'\n'}
[1.435339] (ear_centerline) StderrLine: {'line': b'\x1b[0m\n'}
[1.437087] (ear_centerline) StdoutLine: {'line': b'-- Build files have been written to: /home/micka/orlsurg/ros2_ws/build/ear_centerline\n'}
[1.444118] (ear_centerline) CommandEnded: {'returncode': 0}
[1.444507] (ear_centerline) JobProgress: {'identifier': 'ear_centerline', 'progress': 'build'}
[1.444885] (ear_centerline) Command: {'cmd': ['/usr/bin/cmake', '--build', '/home/micka/orlsurg/ros2_ws/build/ear_centerline', '--', '-j12', '-l12'], 'cwd': '/home/micka/orlsurg/ros2_ws/build/ear_centerline', 'env': OrderedDict({'LESSOPEN': '| /usr/bin/lesspipe %s', 'USER': 'micka', 'ROS_PACKAGE_PATH': '/home/micka/orlsurg/ros2_ws/install/share', 'SHLVL': '1', 'LD_LIBRARY_PATH': '/home/micka/orlsurg/ros2_ws/install/lib:/opt/ros/jazzy/opt/rviz_ogre_vendor/lib:/opt/ros/jazzy/lib/x86_64-linux-gnu:/opt/ros/jazzy/opt/gz_math_vendor/lib:/opt/ros/jazzy/opt/gz_utils_vendor/lib:/opt/ros/jazzy/opt/gz_cmake_vendor/lib:/opt/ros/jazzy/lib', 'MOTD_SHOWN': 'update-motd', 'HOME': '/home/micka', 'OLDPWD': '/home/micka/orlsurg/ros2_ws', 'ROS_PYTHON_VERSION': '3', 'DBUS_SESSION_BUS_ADDRESS': 'unix:path=/run/user/1000/bus', 'WSL_DISTRO_NAME': 'Ubuntu-24.04', 'WAYLAND_DISPLAY': 'wayland-0', 'COLCON_PREFIX_PATH': '/home/micka/orlsurg/ros2_ws/install', 'ROS_DISTRO': 'jazzy', 'LOGNAME': 'micka', 'NAME': 'DESKTOP-5DTC4N1', 'WSL_INTEROP': '/run/WSL/608_interop', 'PULSE_SERVER': 'unix:/mnt/wslg/PulseServer', '_': '/usr/bin/colcon', 'ROS_VERSION': '2', 'PKG_CONFIG_PATH': '/home/micka/orlsurg/ros2_ws/install/lib/x86_64-linux-gnu/pkgconfig:/home/micka/orlsurg/ros2_ws/install/lib/pkgconfig', 'TERM': 'xterm-256color', 'RMW_FASTRTPS_USE_SHM': '0', 'PATH': '/opt/ros/jazzy/bin:/usr/local/sbin:/usr/local/bin:/usr/sbin:/usr/bin:/sbin:/bin:/usr/games:/usr/local/games:/usr/lib/wsl/lib:/mnt/c/Program Files/WindowsApps/MicrosoftCorporationII.WindowsSubsystemForLinux_2.6.1.0_x64__8wekyb3d8bbwe:/mnt/c/Program Files (x86)/Common Files/Oracle/Java/java8path:/mnt/c/Program Files (x86)/Common Files/Oracle/Java/javapath:/mnt/c/Program Files (x86)/VMware/VMware Workstation/bin/:/mnt/c/WINDOWS/system32:/mnt/c/WINDOWS:/mnt/c/WINDOWS/System32/Wbem:/mnt/c/WINDOWS/System32/WindowsPowerShell/v1.0/:/mnt/c/WINDOWS/System32/OpenSSH/:/mnt/c/Program Files/dotnet/:/mnt/c/Program Files/MATLAB/R2023b/runtime/win64:/mnt/c/Program Files/MATLAB/R2023b/bin:/mnt/c/Program Files/Microsoft SQL Server/150/Tools/Binn/:/mnt/c/Program Files/Microsoft SQL Server/Client SDK/ODBC/170/Tools/Binn/:/mnt/c/Program Files (x86)/Windows Kits/10/Windows Performance Toolkit/:/mnt/c/Program Files/Git/cmd:/mnt/c/Program Files/Docker/Docker/resources/bin:/mnt/c/Users/Micka/AppData/Local/Microsoft/WindowsApps:/mnt/c/Users/Micka/AppData/Local/Programs/Microsoft VS Code/bin:/mnt/c/Users/Micka/.dotnet/tools:/snap/bin', 'XDG_RUNTIME_DIR': '/run/user/1000/', 'DISPLAY': ':0', 'LANG': 'C.UTF-8', 'LS_COLORS': 'rs=0:di=01;34:ln=01;36:mh=00:pi=40;33:so=01;35:do=01;35:bd=40;33;01:cd=40;33;01:or=40;31;01:mi=00:su=37;41:sg=30;43:ca=00:tw=30;42:ow=34;42:st=37;44:ex=01;32:*.tar=01;31:*.tgz=01;31:*.arc=01;31:*.arj=01;31:*.taz=01;31:*.lha=01;31:*.lz4=01;31:*.lzh=01;31:*.lzma=01;31:*.tlz=01;31:*.txz=01;31:*.tzo=01;31:*.t7z=01;31:*.zip=01;31:*.z=01;31:*.dz=01;31:*.gz=01;31:*.lrz=01;31:*.lz=01;31:*.lzo=01;31:*.xz=01;31:*.zst=01;31:*.tzst=01;31:*.bz2=01;31:*.bz=01;31:*.tbz=01;31:*.tbz2=01;31:*.tz=01;31:*.deb=01;31:*.rpm=01;31:*.jar=01;31:*.war=01;31:*.ear=01;31:*.sar=01;31:*.rar=01;31:*.alz=01;31:*.ace=01;31:*.zoo=01;31:*.cpio=01;31:*.7z=01;31:*.rz=01;31:*.cab=01;31:*.wim=01;31:*.swm=01;31:*.dwm=01;31:*.esd=01;31:*.avif=01;35:*.jpg=01;35:*.jpeg=01;35:*.mjpg=01;35:*.mjpeg=01;35:*.gif=01;35:*.bmp=01;35:*.pbm=01;35:*.pgm=01;35:*.ppm=01;35:*.tga=01;35:*.xbm=01;35:*.xpm=01;35:*.tif=01;35:*.tiff=01;35:*.png=01;35:*.svg=01;35:*.svgz=01;35:*.mng=01;35:*.pcx=01;35:*.mov=01;35:*.mpg=01;35:*.mpeg=01;35:*.m2v=01;35:*.mkv=01;35:*.webm=01;35:*.webp=01;35:*.ogm=01;35:*.mp4=01;35:*.m4v=01;35:*.mp4v=01;35:*.vob=01;35:*.qt=01;35:*.nuv=01;35:*.wmv=01;35:*.asf=01;35:*.rm=01;35:*.rmvb=01;35:*.flc=01;35:*.avi=01;35:*.fli=01;35:*.flv=01;35:*.gl=01;35:*.dl=01;35:*.xcf=01;35:*.xwd=01;35:*.yuv=01;35:*.cgm=01;35:*.emf=01;35:*.ogv=01;35:*.ogx=01;35:*.aac=00;36:*.au=00;36:*.flac=00;36:*.m4a=00;36:*.mid=00;36:*.midi=00;36:*.mka=00;36:*.mp3=00;36:*.mpc=00;36:*.ogg=00;36:*.ra=00;36:*.wav=00;36:*.oga=00;36:*.opus=00;36:*.spx=00;36:*.xspf=00;36:*~=00;90:*#=00;90:*.bak=00;90:*.crdownload=00;90:*.dpkg-dist=00;90:*.dpkg-new=00;90:*.dpkg-old=00;90:*.dpkg-tmp=00;90:*.old=00;90:*.orig=00;90:*.part=00;90:*.rej=00;90:*.rpmnew=00;90:*.rpmorig=00;90:*.rpmsave=00;90:*.swp=00;90:*.tmp=00;90:*.ucf-dist=00;90:*.ucf-new=00;90:*.ucf-old=00;90:', 'AMENT_PREFIX_PATH': '/opt/ros/jazzy', 'SHELL': '/bin/bash', 'LESSCLOSE': '/usr/bin/lesspipe %s %s', 'ROS_AUTOMATIC_DISCOVERY_RANGE': 'SUBNET', 'PWD': '/home/micka/orlsurg/ros2_ws/build/ear_centerline', 'XDG_DATA_DIRS': '/usr/local/share:/usr/share:/var/lib/snapd/desktop', 'PYTHONPATH': '/home/micka/orlsurg/ros2_ws/install/lib/python3.12/site-packages:/opt/ros/jazzy/lib/python3.12/site-packages', 'COLCON': '1', 'WSL2_GUI_APPS_ENABLED': '1', 'HOSTTYPE': 'x86_64', 'CMAKE_PREFIX_PATH': '/home/micka/orlsurg/ros2_ws/install:/opt/ros/jazzy/opt/gz_math_vendor:/opt/ros/jazzy/opt/gz_utils_vendor:/opt/ros/jazzy/opt/gz_cmake_vendor', 'WSLENV': ''}), 'shell': False}
[1.502819] (ear_centerline) StdoutLine: {'line': b'Built target ament_cmake_python_copy_ear_centerline\n'}
[1.502989] (ear_centerline) StdoutLine: {'line': b'Built target ament_cmake_python_copy_ear_centerline_setup\n'}
[1.505272] (-) TimerEvent: {}
[1.605966] (-) TimerEvent: {}
[1.650200] (ear_centerline) StdoutLine: {'line': b'running egg_info\n'}
[1.650674] (ear_centerline) StdoutLine: {'line': b'creating ear_centerline.egg-info\n'}
[1.665508] (ear_centerline) StdoutLine: {'line': b'writing ear_centerline.egg-info/PKG-INFO\n'}
[1.665738] (ear_centerline) StdoutLine: {'line': b'writing dependency_links to ear_centerline.egg-info/dependency_links.txt\n'}
[1.665902] (ear_centerline) StdoutLine: {'line': b'writing top-level names to ear_centerline.egg-info/top_level.txt\n'}
[1.666040] (ear_centerline) StdoutLine: {'line': b"writing manifest file 'ear_centerline.egg-info/SOURCES.txt'\n"}
[1.701210] (ear_centerline) StdoutLine: {'line': b"reading manifest file 'ear_centerline.egg-info/SOURCES.txt'\n"}
[1.701531] (ear_centerline) StdoutLine: {'line': b"writing manifest file 'ear_centerline.egg-info/SOURCES.txt'\n"}
[1.706321] (-) TimerEvent: {}
[1.721905] (ear_centerline) StdoutLine: {'line': b'Built target ament_cmake_python_build_ear_centerline_egg\n'}
[1.735457] (ear_centerline) CommandEnded: {'returncode': 0}
[1.736159] (ear_centerline) JobProgress: {'identifier': 'ear_centerline', 'progress': 'install'}
[1.744426] (ear_centerline) Command: {'cmd': ['/usr/bin/cmake', '--install', '/home/micka/orlsurg/ros2_ws/build/ear_centerline'], 'cwd': '/home/micka/orlsurg/ros2_ws/build/ear_centerline', 'env': OrderedDict({'LESSOPEN': '| /usr/bin/lesspipe %s', 'USER': 'micka', 'ROS_PACKAGE_PATH': '/home/micka/orlsurg/ros2_ws/install/share', 'SHLVL': '1', 'LD_LIBRARY_PATH': '/home/micka/orlsurg/ros2_ws/install/lib:/opt/ros/jazzy/opt/rviz_ogre_vendor/lib:/opt/ros/jazzy/lib/x86_64-linux-gnu:/opt/ros/jazzy/opt/gz_math_vendor/lib:/opt/ros/jazzy/opt/gz_utils_vendor/lib:/opt/ros/jazzy/opt/gz_cmake_vendor/lib:/opt/ros/jazzy/lib', 'MOTD_SHOWN': 'update-motd', 'HOME': '/home/micka', 'OLDPWD': '/home/micka/orlsurg/ros2_ws', 'ROS_PYTHON_VERSION': '3', 'DBUS_SESSION_BUS_ADDRESS': 'unix:path=/run/user/1000/bus', 'WSL_DISTRO_NAME': 'Ubuntu-24.04', 'WAYLAND_DISPLAY': 'wayland-0', 'COLCON_PREFIX_PATH': '/home/micka/orlsurg/ros2_ws/install', 'ROS_DISTRO': 'jazzy', 'LOGNAME': 'micka', 'NAME': 'DESKTOP-5DTC4N1', 'WSL_INTEROP': '/run/WSL/608_interop', 'PULSE_SERVER': 'unix:/mnt/wslg/PulseServer', '_': '/usr/bin/colcon', 'ROS_VERSION': '2', 'PKG_CONFIG_PATH': '/home/micka/orlsurg/ros2_ws/install/lib/x86_64-linux-gnu/pkgconfig:/home/micka/orlsurg/ros2_ws/install/lib/pkgconfig', 'TERM': 'xterm-256color', 'RMW_FASTRTPS_USE_SHM': '0', 'PATH': '/opt/ros/jazzy/bin:/usr/local/sbin:/usr/local/bin:/usr/sbin:/usr/bin:/sbin:/bin:/usr/games:/usr/local/games:/usr/lib/wsl/lib:/mnt/c/Program Files/WindowsApps/MicrosoftCorporationII.WindowsSubsystemForLinux_2.6.1.0_x64__8wekyb3d8bbwe:/mnt/c/Program Files (x86)/Common Files/Oracle/Java/java8path:/mnt/c/Program Files (x86)/Common Files/Oracle/Java/javapath:/mnt/c/Program Files (x86)/VMware/VMware Workstation/bin/:/mnt/c/WINDOWS/system32:/mnt/c/WINDOWS:/mnt/c/WINDOWS/System32/Wbem:/mnt/c/WINDOWS/System32/WindowsPowerShell/v1.0/:/mnt/c/WINDOWS/System32/OpenSSH/:/mnt/c/Program Files/dotnet/:/mnt/c/Program Files/MATLAB/R2023b/runtime/win64:/mnt/c/Program Files/MATLAB/R2023b/bin:/mnt/c/Program Files/Microsoft SQL Server/150/Tools/Binn/:/mnt/c/Program Files/Microsoft SQL Server/Client SDK/ODBC/170/Tools/Binn/:/mnt/c/Program Files (x86)/Windows Kits/10/Windows Performance Toolkit/:/mnt/c/Program Files/Git/cmd:/mnt/c/Program Files/Docker/Docker/resources/bin:/mnt/c/Users/Micka/AppData/Local/Microsoft/WindowsApps:/mnt/c/Users/Micka/AppData/Local/Programs/Microsoft VS Code/bin:/mnt/c/Users/Micka/.dotnet/tools:/snap/bin', 'XDG_RUNTIME_DIR': '/run/user/1000/', 'DISPLAY': ':0', 'LANG': 'C.UTF-8', 'LS_COLORS': 'rs=0:di=01;34:ln=01;36:mh=00:pi=40;33:so=01;35:do=01;35:bd=40;33;01:cd=40;33;01:or=40;31;01:mi=00:su=37;41:sg=30;43:ca=00:tw=30;42:ow=34;42:st=37;44:ex=01;32:*.tar=01;31:*.tgz=01;31:*.arc=01;31:*.arj=01;31:*.taz=01;31:*.lha=01;31:*.lz4=01;31:*.lzh=01;31:*.lzma=01;31:*.tlz=01;31:*.txz=01;31:*.tzo=01;31:*.t7z=01;31:*.zip=01;31:*.z=01;31:*.dz=01;31:*.gz=01;31:*.lrz=01;31:*.lz=01;31:*.lzo=01;31:*.xz=01;31:*.zst=01;31:*.tzst=01;31:*.bz2=01;31:*.bz=01;31:*.tbz=01;31:*.tbz2=01;31:*.tz=01;31:*.deb=01;31:*.rpm=01;31:*.jar=01;31:*.war=01;31:*.ear=01;31:*.sar=01;31:*.rar=01;31:*.alz=01;31:*.ace=01;31:*.zoo=01;31:*.cpio=01;31:*.7z=01;31:*.rz=01;31:*.cab=01;31:*.wim=01;31:*.swm=01;31:*.dwm=01;31:*.esd=01;31:*.avif=01;35:*.jpg=01;35:*.jpeg=01;35:*.mjpg=01;35:*.mjpeg=01;35:*.gif=01;35:*.bmp=01;35:*.pbm=01;35:*.pgm=01;35:*.ppm=01;35:*.tga=01;35:*.xbm=01;35:*.xpm=01;35:*.tif=01;35:*.tiff=01;35:*.png=01;35:*.svg=01;35:*.svgz=01;35:*.mng=01;35:*.pcx=01;35:*.mov=01;35:*.mpg=01;35:*.mpeg=01;35:*.m2v=01;35:*.mkv=01;35:*.webm=01;35:*.webp=01;35:*.ogm=01;35:*.mp4=01;35:*.m4v=01;35:*.mp4v=01;35:*.vob=01;35:*.qt=01;35:*.nuv=01;35:*.wmv=01;35:*.asf=01;35:*.rm=01;35:*.rmvb=01;35:*.flc=01;35:*.avi=01;35:*.fli=01;35:*.flv=01;35:*.gl=01;35:*.dl=01;35:*.xcf=01;35:*.xwd=01;35:*.yuv=01;35:*.cgm=01;35:*.emf=01;35:*.ogv=01;35:*.ogx=01;35:*.aac=00;36:*.au=00;36:*.flac=00;36:*.m4a=00;36:*.mid=00;36:*.midi=00;36:*.mka=00;36:*.mp3=00;36:*.mpc=00;36:*.ogg=00;36:*.ra=00;36:*.wav=00;36:*.oga=00;36:*.opus=00;36:*.spx=00;36:*.xspf=00;36:*~=00;90:*#=00;90:*.bak=00;90:*.crdownload=00;90:*.dpkg-dist=00;90:*.dpkg-new=00;90:*.dpkg-old=00;90:*.dpkg-tmp=00;90:*.old=00;90:*.orig=00;90:*.part=00;90:*.rej=00;90:*.rpmnew=00;90:*.rpmorig=00;90:*.rpmsave=00;90:*.swp=00;90:*.tmp=00;90:*.ucf-dist=00;90:*.ucf-new=00;90:*.ucf-old=00;90:', 'AMENT_PREFIX_PATH': '/opt/ros/jazzy', 'SHELL': '/bin/bash', 'LESSCLOSE': '/usr/bin/lesspipe %s %s', 'ROS_AUTOMATIC_DISCOVERY_RANGE': 'SUBNET', 'PWD': '/home/micka/orlsurg/ros2_ws/build/ear_centerline', 'XDG_DATA_DIRS': '/usr/local/share:/usr/share:/var/lib/snapd/desktop', 'PYTHONPATH': '/home/micka/orlsurg/ros2_ws/install/lib/python3.12/site-packages:/opt/ros/jazzy/lib/python3.12/site-packages', 'COLCON': '1', 'WSL2_GUI_APPS_ENABLED': '1', 'HOSTTYPE': 'x86_64', 'CMAKE_PREFIX_PATH': '/home/micka/orlsurg/ros2_ws/install:/opt/ros/jazzy/opt/gz_math_vendor:/opt/ros/jazzy/opt/gz_utils_vendor:/opt/ros/jazzy/opt/gz_cmake_vendor', 'WSLENV': ''}), 'shell': False}
[1.752702] (ear_centerline) StdoutLine: {'line': b'-- Install configuration: ""\n'}
[1.753756] (ear_centerline) StdoutLine: {'line': b'-- Installing: /home/micka/orlsurg/ros2_ws/install/share/ear_centerline/environment/pythonpath.sh\n'}
[1.753955] (ear_centerline) StdoutLine: {'line': b'-- Installing: /home/micka/orlsurg/ros2_ws/install/share/ear_centerline/environment/pythonpath.dsv\n'}
[1.754100] (ear_centerline) StdoutLine: {'line': b'-- Installing: /home/micka/orlsurg/ros2_ws/install/lib/python3.12/site-packages/ear_centerline-0.0.1-py3.12.egg-info\n'}
[1.755343] (ear_centerline) StdoutLine: {'line': b'-- Installing: /home/micka/orlsurg/ros2_ws/install/lib/python3.12/site-packages/ear_centerline-0.0.1-py3.12.egg-info/PKG-INFO\n'}
[1.755502] (ear_centerline) StdoutLine: {'line': b'-- Installing: /home/micka/orlsurg/ros2_ws/install/lib/python3.12/site-packages/ear_centerline-0.0.1-py3.12.egg-info/top_level.txt\n'}
[1.755652] (ear_centerline) StdoutLine: {'line': b'-- Installing: /home/micka/orlsurg/ros2_ws/install/lib/python3.12/site-packages/ear_centerline-0.0.1-py3.12.egg-info/SOURCES.txt\n'}
[1.756399] (ear_centerline) StdoutLine: {'line': b'-- Installing: /home/micka/orlsurg/ros2_ws/install/lib/python3.12/site-packages/ear_centerline-0.0.1-py3.12.egg-info/dependency_links.txt\n'}
[1.756529] (ear_centerline) StdoutLine: {'line': b'-- Installing: /home/micka/orlsurg/ros2_ws/install/lib/python3.12/site-packages/ear_centerline\n'}
[1.756733] (ear_centerline) StdoutLine: {'line': b'-- Installing: /home/micka/orlsurg/ros2_ws/install/lib/python3.12/site-packages/ear_centerline/centerline_node.py\n'}
[1.756816] (ear_centerline) StdoutLine: {'line': b'-- Installing: /home/micka/orlsurg/ros2_ws/install/lib/python3.12/site-packages/ear_centerline/__init__.py\n'}
[1.783028] (ear_centerline) StdoutLine: {'line': b"Listing '/home/micka/orlsurg/ros2_ws/install/lib/python3.12/site-packages/ear_centerline'...\n"}
[1.783218] (ear_centerline) StdoutLine: {'line': b"Compiling '/home/micka/orlsurg/ros2_ws/install/lib/python3.12/site-packages/ear_centerline/__init__.py'...\n"}
[1.783278] (ear_centerline) StdoutLine: {'line': b"Compiling '/home/micka/orlsurg/ros2_ws/install/lib/python3.12/site-packages/ear_centerline/centerline_node.py'...\n"}
[1.788041] (ear_centerline) StdoutLine: {'line': b'-- Installing: /home/micka/orlsurg/ros2_ws/install/lib/ear_centerline/centerline_node.py\n'}
[1.788230] (ear_centerline) StdoutLine: {'line': b'-- Installing: /home/micka/orlsurg/ros2_ws/install/share/ear_centerline/package.xml\n'}
[1.788372] (ear_centerline) StdoutLine: {'line': b'-- Installing: /home/micka/orlsurg/ros2_ws/install/share/ament_index/resource_index/packages\n'}
[1.789807] (ear_centerline) StdoutLine: {'line': b'-- Installing: /home/micka/orlsurg/ros2_ws/install/share/ament_index/resource_index/packages/ear_centerline\n'}
[1.790361] (ear_centerline) StdoutLine: {'line': b'-- Installing: /home/micka/orlsurg/ros2_ws/install/share/ament_index/resource_index/package_run_dependencies/ear_centerline\n'}
[1.790815] (ear_centerline) StdoutLine: {'line': b'-- Installing: /home/micka/orlsurg/ros2_ws/install/share/ament_index/resource_index/parent_prefix_path/ear_centerline\n'}
[1.790956] (ear_centerline) StdoutLine: {'line': b'-- Installing: /home/micka/orlsurg/ros2_ws/install/share/ear_centerline/environment/ament_prefix_path.sh\n'}
[1.791117] (ear_centerline) StdoutLine: {'line': b'-- Installing: /home/micka/orlsurg/ros2_ws/install/share/ear_centerline/environment/ament_prefix_path.dsv\n'}
[1.791278] (ear_centerline) StdoutLine: {'line': b'-- Installing: /home/micka/orlsurg/ros2_ws/install/share/ear_centerline/environment/path.sh\n'}
[1.791429] (ear_centerline) StdoutLine: {'line': b'-- Installing: /home/micka/orlsurg/ros2_ws/install/share/ear_centerline/environment/path.dsv\n'}
[1.791653] (ear_centerline) StdoutLine: {'line': b'-- Installing: /home/micka/orlsurg/ros2_ws/install/share/ear_centerline/local_setup.bash\n'}
[1.791817] (ear_centerline) StdoutLine: {'line': b'-- Installing: /home/micka/orlsurg/ros2_ws/install/share/ear_centerline/local_setup.sh\n'}
[1.792019] (ear_centerline) StdoutLine: {'line': b'-- Installing: /home/micka/orlsurg/ros2_ws/install/share/ear_centerline/local_setup.zsh\n'}
[1.792177] (ear_centerline) StdoutLine: {'line': b'-- Installing: /home/micka/orlsurg/ros2_ws/install/share/ear_centerline/local_setup.dsv\n'}
[1.792341] (ear_centerline) StdoutLine: {'line': b'-- Installing: /home/micka/orlsurg/ros2_ws/install/share/ear_centerline/package.dsv\n'}
[1.792503] (ear_centerline) StdoutLine: {'line': b'-- Installing: /home/micka/orlsurg/ros2_ws/install/share/ament_index/resource_index/packages/ear_centerline\n'}
[1.792967] (ear_centerline) StdoutLine: {'line': b'-- Installing: /home/micka/orlsurg/ros2_ws/install/share/ear_centerline/cmake/ear_centerlineConfig.cmake\n'}
[1.793102] (ear_centerline) StdoutLine: {'line': b'-- Installing: /home/micka/orlsurg/ros2_ws/install/share/ear_centerline/cmake/ear_centerlineConfig-version.cmake\n'}
[1.793265] (ear_centerline) StdoutLine: {'line': b'-- Up-to-date: /home/micka/orlsurg/ros2_ws/install/share/ear_centerline/package.xml\n'}
[1.795060] (ear_centerline) CommandEnded: {'returncode': 0}
[1.806644] (-) TimerEvent: {}
[1.809319] (ear_centerline) JobEnded: {'identifier': 'ear_centerline', 'rc': 0}
[1.853833] (ear_msgs) StdoutLine: {'line': b'-- Found ament_cmake_ros: 0.12.0 (/opt/ros/jazzy/share/ament_cmake_ros/cmake)\n'}
[1.906985] (-) TimerEvent: {}
[2.007500] (-) TimerEvent: {}
[2.107765] (-) TimerEvent: {}
[2.208072] (-) TimerEvent: {}
[2.264221] (ear_msgs) StdoutLine: {'line': b'-- Using all available rosidl_typesupport_c: rosidl_typesupport_fastrtps_c;rosidl_typesupport_introspection_c\n'}
[2.308737] (-) TimerEvent: {}
[2.409943] (-) TimerEvent: {}
[2.511539] (-) TimerEvent: {}
[2.612713] (-) TimerEvent: {}
[2.714443] (-) TimerEvent: {}
[2.807073] (ear_msgs) StdoutLine: {'line': b'-- Using all available rosidl_typesupport_cpp: rosidl_typesupport_fastrtps_cpp;rosidl_typesupport_introspection_cpp\n'}
[2.809263] (ear_msgs) StdoutLine: {'line': b'-- Found python_cmake_module: 0.11.1 (/opt/ros/jazzy/share/python_cmake_module/cmake)\n'}
[2.814771] (-) TimerEvent: {}
[2.915311] (ear_msgs) StdoutLine: {'line': b'-- Found PythonExtra: /usr/bin/python3  \n'}
[2.915491] (-) TimerEvent: {}
[3.016301] (-) TimerEvent: {}
[3.117706] (-) TimerEvent: {}
[3.219715] (-) TimerEvent: {}
[3.249633] (ear_msgs) StdoutLine: {'line': b'-- Found Python3: /usr/bin/python3 (found version "3.12.3") found components: Interpreter Development NumPy Development.Module Development.Embed \n'}
[3.307436] (ear_msgs) StdoutLine: {'line': b'-- Configuring done (3.3s)\n'}
[3.320832] (-) TimerEvent: {}
[3.370897] (ear_msgs) StdoutLine: {'line': b'-- Generating done (0.1s)\n'}
[3.373084] (ear_msgs) StderrLine: {'line': b'\x1b[33mCMake Warning:\n'}
[3.373225] (ear_msgs) StderrLine: {'line': b'  Manually-specified variables were not used by the project:\n'}
[3.373275] (ear_msgs) StderrLine: {'line': b'\n'}
[3.373317] (ear_msgs) StderrLine: {'line': b'    CATKIN_INSTALL_INTO_PREFIX_ROOT\n'}
[3.373356] (ear_msgs) StderrLine: {'line': b'    CATKIN_SYMLINK_INSTALL\n'}
[3.373396] (ear_msgs) StderrLine: {'line': b'\n'}
[3.373433] (ear_msgs) StderrLine: {'line': b'\x1b[0m\n'}
[3.381232] (ear_msgs) StdoutLine: {'line': b'-- Build files have been written to: /home/micka/orlsurg/ros2_ws/build/ear_msgs\n'}
[3.390725] (ear_msgs) CommandEnded: {'returncode': 0}
[3.391265] (ear_msgs) JobProgress: {'identifier': 'ear_msgs', 'progress': 'build'}
[3.391457] (ear_msgs) Command: {'cmd': ['/usr/bin/cmake', '--build', '/home/micka/orlsurg/ros2_ws/build/ear_msgs', '--', '-j12', '-l12'], 'cwd': '/home/micka/orlsurg/ros2_ws/build/ear_msgs', 'env': OrderedDict({'LESSOPEN': '| /usr/bin/lesspipe %s', 'USER': 'micka', 'ROS_PACKAGE_PATH': '/home/micka/orlsurg/ros2_ws/install/share', 'SHLVL': '1', 'LD_LIBRARY_PATH': '/home/micka/orlsurg/ros2_ws/install/lib:/opt/ros/jazzy/opt/rviz_ogre_vendor/lib:/opt/ros/jazzy/lib/x86_64-linux-gnu:/opt/ros/jazzy/opt/gz_math_vendor/lib:/opt/ros/jazzy/opt/gz_utils_vendor/lib:/opt/ros/jazzy/opt/gz_cmake_vendor/lib:/opt/ros/jazzy/lib', 'MOTD_SHOWN': 'update-motd', 'HOME': '/home/micka', 'OLDPWD': '/home/micka/orlsurg/ros2_ws', 'ROS_PYTHON_VERSION': '3', 'DBUS_SESSION_BUS_ADDRESS': 'unix:path=/run/user/1000/bus', 'WSL_DISTRO_NAME': 'Ubuntu-24.04', 'WAYLAND_DISPLAY': 'wayland-0', 'COLCON_PREFIX_PATH': '/home/micka/orlsurg/ros2_ws/install', 'ROS_DISTRO': 'jazzy', 'LOGNAME': 'micka', 'NAME': 'DESKTOP-5DTC4N1', 'WSL_INTEROP': '/run/WSL/608_interop', 'PULSE_SERVER': 'unix:/mnt/wslg/PulseServer', '_': '/usr/bin/colcon', 'ROS_VERSION': '2', 'PKG_CONFIG_PATH': '/home/micka/orlsurg/ros2_ws/install/lib/x86_64-linux-gnu/pkgconfig:/home/micka/orlsurg/ros2_ws/install/lib/pkgconfig', 'TERM': 'xterm-256color', 'RMW_FASTRTPS_USE_SHM': '0', 'PATH': '/opt/ros/jazzy/bin:/usr/local/sbin:/usr/local/bin:/usr/sbin:/usr/bin:/sbin:/bin:/usr/games:/usr/local/games:/usr/lib/wsl/lib:/mnt/c/Program Files/WindowsApps/MicrosoftCorporationII.WindowsSubsystemForLinux_2.6.1.0_x64__8wekyb3d8bbwe:/mnt/c/Program Files (x86)/Common Files/Oracle/Java/java8path:/mnt/c/Program Files (x86)/Common Files/Oracle/Java/javapath:/mnt/c/Program Files (x86)/VMware/VMware Workstation/bin/:/mnt/c/WINDOWS/system32:/mnt/c/WINDOWS:/mnt/c/WINDOWS/System32/Wbem:/mnt/c/WINDOWS/System32/WindowsPowerShell/v1.0/:/mnt/c/WINDOWS/System32/OpenSSH/:/mnt/c/Program Files/dotnet/:/mnt/c/Program Files/MATLAB/R2023b/runtime/win64:/mnt/c/Program Files/MATLAB/R2023b/bin:/mnt/c/Program Files/Microsoft SQL Server/150/Tools/Binn/:/mnt/c/Program Files/Microsoft SQL Server/Client SDK/ODBC/170/Tools/Binn/:/mnt/c/Program Files (x86)/Windows Kits/10/Windows Performance Toolkit/:/mnt/c/Program Files/Git/cmd:/mnt/c/Program Files/Docker/Docker/resources/bin:/mnt/c/Users/Micka/AppData/Local/Microsoft/WindowsApps:/mnt/c/Users/Micka/AppData/Local/Programs/Microsoft VS Code/bin:/mnt/c/Users/Micka/.dotnet/tools:/snap/bin', 'XDG_RUNTIME_DIR': '/run/user/1000/', 'DISPLAY': ':0', 'LANG': 'C.UTF-8', 'LS_COLORS': 'rs=0:di=01;34:ln=01;36:mh=00:pi=40;33:so=01;35:do=01;35:bd=40;33;01:cd=40;33;01:or=40;31;01:mi=00:su=37;41:sg=30;43:ca=00:tw=30;42:ow=34;42:st=37;44:ex=01;32:*.tar=01;31:*.tgz=01;31:*.arc=01;31:*.arj=01;31:*.taz=01;31:*.lha=01;31:*.lz4=01;31:*.lzh=01;31:*.lzma=01;31:*.tlz=01;31:*.txz=01;31:*.tzo=01;31:*.t7z=01;31:*.zip=01;31:*.z=01;31:*.dz=01;31:*.gz=01;31:*.lrz=01;31:*.lz=01;31:*.lzo=01;31:*.xz=01;31:*.zst=01;31:*.tzst=01;31:*.bz2=01;31:*.bz=01;31:*.tbz=01;31:*.tbz2=01;31:*.tz=01;31:*.deb=01;31:*.rpm=01;31:*.jar=01;31:*.war=01;31:*.ear=01;31:*.sar=01;31:*.rar=01;31:*.alz=01;31:*.ace=01;31:*.zoo=01;31:*.cpio=01;31:*.7z=01;31:*.rz=01;31:*.cab=01;31:*.wim=01;31:*.swm=01;31:*.dwm=01;31:*.esd=01;31:*.avif=01;35:*.jpg=01;35:*.jpeg=01;35:*.mjpg=01;35:*.mjpeg=01;35:*.gif=01;35:*.bmp=01;35:*.pbm=01;35:*.pgm=01;35:*.ppm=01;35:*.tga=01;35:*.xbm=01;35:*.xpm=01;35:*.tif=01;35:*.tiff=01;35:*.png=01;35:*.svg=01;35:*.svgz=01;35:*.mng=01;35:*.pcx=01;35:*.mov=01;35:*.mpg=01;35:*.mpeg=01;35:*.m2v=01;35:*.mkv=01;35:*.webm=01;35:*.webp=01;35:*.ogm=01;35:*.mp4=01;35:*.m4v=01;35:*.mp4v=01;35:*.vob=01;35:*.qt=01;35:*.nuv=01;35:*.wmv=01;35:*.asf=01;35:*.rm=01;35:*.rmvb=01;35:*.flc=01;35:*.avi=01;35:*.fli=01;35:*.flv=01;35:*.gl=01;35:*.dl=01;35:*.xcf=01;35:*.xwd=01;35:*.yuv=01;35:*.cgm=01;35:*.emf=01;35:*.ogv=01;35:*.ogx=01;35:*.aac=00;36:*.au=00;36:*.flac=00;36:*.m4a=00;36:*.mid=00;36:*.midi=00;36:*.mka=00;36:*.mp3=00;36:*.mpc=00;36:*.ogg=00;36:*.ra=00;36:*.wav=00;36:*.oga=00;36:*.opus=00;36:*.spx=00;36:*.xspf=00;36:*~=00;90:*#=00;90:*.bak=00;90:*.crdownload=00;90:*.dpkg-dist=00;90:*.dpkg-new=00;90:*.dpkg-old=00;90:*.dpkg-tmp=00;90:*.old=00;90:*.orig=00;90:*.part=00;90:*.rej=00;90:*.rpmnew=00;90:*.rpmorig=00;90:*.rpmsave=00;90:*.swp=00;90:*.tmp=00;90:*.ucf-dist=00;90:*.ucf-new=00;90:*.ucf-old=00;90:', 'AMENT_PREFIX_PATH': '/opt/ros/jazzy', 'SHELL': '/bin/bash', 'LESSCLOSE': '/usr/bin/lesspipe %s %s', 'ROS_AUTOMATIC_DISCOVERY_RANGE': 'SUBNET', 'PWD': '/home/micka/orlsurg/ros2_ws/build/ear_msgs', 'XDG_DATA_DIRS': '/usr/local/share:/usr/share:/var/lib/snapd/desktop', 'PYTHONPATH': '/home/micka/orlsurg/ros2_ws/install/lib/python3.12/site-packages:/opt/ros/jazzy/lib/python3.12/site-packages', 'COLCON': '1', 'WSL2_GUI_APPS_ENABLED': '1', 'HOSTTYPE': 'x86_64', 'CMAKE_PREFIX_PATH': '/home/micka/orlsurg/ros2_ws/install:/opt/ros/jazzy/opt/gz_math_vendor:/opt/ros/jazzy/opt/gz_utils_vendor:/opt/ros/jazzy/opt/gz_cmake_vendor', 'WSLENV': ''}), 'shell': False}
[3.421047] (-) TimerEvent: {}
[3.442701] (ear_msgs) StdoutLine: {'line': b'[  1%] \x1b[34m\x1b[1mGenerating type hashes for ROS interfaces\x1b[0m\n'}
[3.451579] (ear_msgs) StdoutLine: {'line': b'[  1%] Built target ament_cmake_python_copy_ear_msgs\n'}
[3.521226] (-) TimerEvent: {}
[3.594940] (ear_msgs) StdoutLine: {'line': b'running egg_info\n'}
[3.595467] (ear_msgs) StdoutLine: {'line': b'creating ear_msgs.egg-info\n'}
[3.607247] (ear_msgs) StdoutLine: {'line': b'writing ear_msgs.egg-info/PKG-INFO\n'}
[3.607435] (ear_msgs) StdoutLine: {'line': b'writing dependency_links to ear_msgs.egg-info/dependency_links.txt\n'}
[3.607544] (ear_msgs) StdoutLine: {'line': b'writing top-level names to ear_msgs.egg-info/top_level.txt\n'}
[3.607667] (ear_msgs) StdoutLine: {'line': b"writing manifest file 'ear_msgs.egg-info/SOURCES.txt'\n"}
[3.613580] (ear_msgs) StdoutLine: {'line': b'[  1%] Built target ear_msgs__rosidl_generator_type_description\n'}
[3.621435] (-) TimerEvent: {}
[3.624230] (ear_msgs) StdoutLine: {'line': b'[  3%] \x1b[34m\x1b[1mGenerating C code for ROS interfaces\x1b[0m\n'}
[3.635550] (ear_msgs) StdoutLine: {'line': b'[  4%] \x1b[34m\x1b[1mGenerating C++ code for ROS interfaces\x1b[0m\n'}
[3.645911] (ear_msgs) StdoutLine: {'line': b"reading manifest file 'ear_msgs.egg-info/SOURCES.txt'\n"}
[3.646296] (ear_msgs) StdoutLine: {'line': b"writing manifest file 'ear_msgs.egg-info/SOURCES.txt'\n"}
[3.668593] (ear_msgs) StdoutLine: {'line': b'[  4%] Built target ament_cmake_python_build_ear_msgs_egg\n'}
[3.721669] (-) TimerEvent: {}
[3.823298] (-) TimerEvent: {}
[3.924559] (-) TimerEvent: {}
[4.024878] (-) TimerEvent: {}
[4.043262] (ear_msgs) StdoutLine: {'line': b'[  4%] Built target ear_msgs__cpp\n'}
[4.111837] (ear_msgs) StdoutLine: {'line': b'[ 12%] \x1b[32mBuilding C object CMakeFiles/ear_msgs__rosidl_generator_c.dir/rosidl_generator_c/ear_msgs/srv/detail/centerline__description.c.o\x1b[0m\n'}
[4.112190] (ear_msgs) StdoutLine: {'line': b'[ 12%] \x1b[32mBuilding C object CMakeFiles/ear_msgs__rosidl_generator_c.dir/rosidl_generator_c/ear_msgs/srv/detail/register__functions.c.o\x1b[0m\n'}
[4.112270] (ear_msgs) StdoutLine: {'line': b'[ 12%] \x1b[32mBuilding C object CMakeFiles/ear_msgs__rosidl_generator_c.dir/rosidl_generator_c/ear_msgs/srv/detail/segment_ear__functions.c.o\x1b[0m\n'}
[4.112537] (ear_msgs) StdoutLine: {'line': b'[ 12%] \x1b[32mBuilding C object CMakeFiles/ear_msgs__rosidl_generator_c.dir/rosidl_generator_c/ear_msgs/srv/detail/segment_ear__type_support.c.o\x1b[0m\n'}
[4.112624] (ear_msgs) StdoutLine: {'line': b'[ 14%] \x1b[32mBuilding C object CMakeFiles/ear_msgs__rosidl_generator_c.dir/rosidl_generator_c/ear_msgs/srv/detail/segment_ear__description.c.o\x1b[0m\n'}
[4.113456] (ear_msgs) StdoutLine: {'line': b'[ 12%] \x1b[32mBuilding C object CMakeFiles/ear_msgs__rosidl_generator_c.dir/rosidl_generator_c/ear_msgs/srv/detail/centerline__type_support.c.o\x1b[0m\n'}
[4.113590] (ear_msgs) StdoutLine: {'line': b'[ 17%] \x1b[32mBuilding C object CMakeFiles/ear_msgs__rosidl_generator_c.dir/rosidl_generator_c/ear_msgs/action/detail/plan_path__description.c.o\x1b[0m\n'}
[4.113720] (ear_msgs) StdoutLine: {'line': b'[ 18%] \x1b[32mBuilding C object CMakeFiles/ear_msgs__rosidl_generator_c.dir/rosidl_generator_c/ear_msgs/srv/detail/register__type_support.c.o\x1b[0m\n'}
[4.113795] (ear_msgs) StdoutLine: {'line': b'[ 17%] \x1b[32mBuilding C object CMakeFiles/ear_msgs__rosidl_generator_c.dir/rosidl_generator_c/ear_msgs/srv/detail/register__description.c.o\x1b[0m\n'}
[4.113943] (ear_msgs) StdoutLine: {'line': b'[ 20%] \x1b[32mBuilding C object CMakeFiles/ear_msgs__rosidl_generator_c.dir/rosidl_generator_c/ear_msgs/srv/detail/centerline__functions.c.o\x1b[0m\n'}
[4.114107] (ear_msgs) StdoutLine: {'line': b'[ 23%] \x1b[32mBuilding C object CMakeFiles/ear_msgs__rosidl_generator_c.dir/rosidl_generator_c/ear_msgs/action/detail/plan_path__functions.c.o\x1b[0m\n'}
[4.114192] (ear_msgs) StdoutLine: {'line': b'[ 23%] \x1b[32mBuilding C object CMakeFiles/ear_msgs__rosidl_generator_c.dir/rosidl_generator_c/ear_msgs/action/detail/plan_path__type_support.c.o\x1b[0m\n'}
[4.125439] (-) TimerEvent: {}
[4.225845] (-) TimerEvent: {}
[4.252306] (ear_msgs) StdoutLine: {'line': b'[ 25%] \x1b[32m\x1b[1mLinking C shared library libear_msgs__rosidl_generator_c.so\x1b[0m\n'}
[4.326623] (-) TimerEvent: {}
[4.336847] (ear_msgs) StdoutLine: {'line': b'[ 25%] Built target ear_msgs__rosidl_generator_c\n'}
[4.347251] (ear_msgs) StdoutLine: {'line': b'[ 28%] \x1b[34m\x1b[1mGenerating C++ type support dispatch for ROS interfaces\x1b[0m\n'}
[4.347424] (ear_msgs) StdoutLine: {'line': b'[ 28%] \x1b[34m\x1b[1mGenerating C type support for eProsima Fast-RTPS\x1b[0m\n'}
[4.347577] (ear_msgs) StdoutLine: {'line': b'[ 29%] \x1b[34m\x1b[1mGenerating C++ type support for eProsima Fast-RTPS\x1b[0m\n'}
[4.347784] (ear_msgs) StdoutLine: {'line': b'[ 31%] \x1b[34m\x1b[1mGenerating C++ introspection for ROS interfaces\x1b[0m\n'}
[4.348500] (ear_msgs) StdoutLine: {'line': b'[ 32%] \x1b[34m\x1b[1mGenerating C introspection for ROS interfaces\x1b[0m\n'}
[4.348698] (ear_msgs) StdoutLine: {'line': b'[ 34%] \x1b[34m\x1b[1mGenerating C type support dispatch for ROS interfaces\x1b[0m\n'}
[4.426964] (-) TimerEvent: {}
[4.527446] (-) TimerEvent: {}
[4.619093] (ear_msgs) StdoutLine: {'line': b'[ 35%] \x1b[32mBuilding CXX object CMakeFiles/ear_msgs__rosidl_typesupport_cpp.dir/rosidl_typesupport_cpp/ear_msgs/srv/register__type_support.cpp.o\x1b[0m\n'}
[4.619292] (ear_msgs) StdoutLine: {'line': b'[ 37%] \x1b[32mBuilding CXX object CMakeFiles/ear_msgs__rosidl_typesupport_cpp.dir/rosidl_typesupport_cpp/ear_msgs/srv/centerline__type_support.cpp.o\x1b[0m\n'}
[4.619351] (ear_msgs) StdoutLine: {'line': b'[ 39%] \x1b[32mBuilding CXX object CMakeFiles/ear_msgs__rosidl_typesupport_cpp.dir/rosidl_typesupport_cpp/ear_msgs/srv/segment_ear__type_support.cpp.o\x1b[0m\n'}
[4.619878] (ear_msgs) StdoutLine: {'line': b'[ 40%] \x1b[32mBuilding CXX object CMakeFiles/ear_msgs__rosidl_typesupport_cpp.dir/rosidl_typesupport_cpp/ear_msgs/action/plan_path__type_support.cpp.o\x1b[0m\n'}
[4.632189] (-) TimerEvent: {}
[4.664562] (ear_msgs) StdoutLine: {'line': b'[ 45%] \x1b[32mBuilding CXX object CMakeFiles/ear_msgs__rosidl_typesupport_c.dir/rosidl_typesupport_c/ear_msgs/srv/register__type_support.cpp.o\x1b[0m\n'}
[4.664741] (ear_msgs) StdoutLine: {'line': b'[ 45%] \x1b[32mBuilding CXX object CMakeFiles/ear_msgs__rosidl_typesupport_c.dir/rosidl_typesupport_c/ear_msgs/srv/centerline__type_support.cpp.o\x1b[0m\n'}
[4.664804] (ear_msgs) StdoutLine: {'line': b'[ 45%] \x1b[32mBuilding CXX object CMakeFiles/ear_msgs__rosidl_typesupport_c.dir/rosidl_typesupport_c/ear_msgs/srv/segment_ear__type_support.cpp.o\x1b[0m\n'}
[4.664856] (ear_msgs) StdoutLine: {'line': b'[ 46%] \x1b[32mBuilding CXX object CMakeFiles/ear_msgs__rosidl_typesupport_c.dir/rosidl_typesupport_c/ear_msgs/action/plan_path__type_support.cpp.o\x1b[0m\n'}
[4.732432] (-) TimerEvent: {}
[4.756106] (ear_msgs) StdoutLine: {'line': b'[ 48%] \x1b[32m\x1b[1mLinking CXX shared library libear_msgs__rosidl_typesupport_c.so\x1b[0m\n'}
[4.794762] (ear_msgs) StdoutLine: {'line': b'[ 51%] \x1b[32mBuilding C object CMakeFiles/ear_msgs__rosidl_typesupport_introspection_c.dir/rosidl_typesupport_introspection_c/ear_msgs/srv/detail/register__type_support.c.o\x1b[0m\n'}
[4.795003] (ear_msgs) StdoutLine: {'line': b'[ 51%] \x1b[32mBuilding C object CMakeFiles/ear_msgs__rosidl_typesupport_introspection_c.dir/rosidl_typesupport_introspection_c/ear_msgs/srv/detail/centerline__type_support.c.o\x1b[0m\n'}
[4.795075] (ear_msgs) StdoutLine: {'line': b'[ 53%] \x1b[32mBuilding C object CMakeFiles/ear_msgs__rosidl_typesupport_introspection_c.dir/rosidl_typesupport_introspection_c/ear_msgs/srv/detail/segment_ear__type_support.c.o\x1b[0m\n'}
[4.798303] (ear_msgs) StdoutLine: {'line': b'[ 54%] \x1b[32mBuilding C object CMakeFiles/ear_msgs__rosidl_typesupport_introspection_c.dir/rosidl_typesupport_introspection_c/ear_msgs/action/detail/plan_path__type_support.c.o\x1b[0m\n'}
[4.832484] (ear_msgs) StdoutLine: {'line': b'[ 56%] \x1b[32mBuilding CXX object CMakeFiles/ear_msgs__rosidl_typesupport_introspection_cpp.dir/rosidl_typesupport_introspection_cpp/ear_msgs/srv/detail/segment_ear__type_support.cpp.o\x1b[0m\n'}
[4.832742] (-) TimerEvent: {}
[4.871656] (ear_msgs) StdoutLine: {'line': b'[ 57%] \x1b[32mBuilding CXX object CMakeFiles/ear_msgs__rosidl_typesupport_introspection_cpp.dir/rosidl_typesupport_introspection_cpp/ear_msgs/srv/detail/centerline__type_support.cpp.o\x1b[0m\n'}
[4.874152] (ear_msgs) StdoutLine: {'line': b'[ 59%] \x1b[32mBuilding CXX object CMakeFiles/ear_msgs__rosidl_typesupport_introspection_cpp.dir/rosidl_typesupport_introspection_cpp/ear_msgs/srv/detail/register__type_support.cpp.o\x1b[0m\n'}
[4.878089] (ear_msgs) StdoutLine: {'line': b'[ 60%] \x1b[32mBuilding CXX object CMakeFiles/ear_msgs__rosidl_typesupport_introspection_cpp.dir/rosidl_typesupport_introspection_cpp/ear_msgs/action/detail/plan_path__type_support.cpp.o\x1b[0m\n'}
[4.910263] (ear_msgs) StdoutLine: {'line': b'[ 62%] \x1b[32m\x1b[1mLinking C shared library libear_msgs__rosidl_typesupport_introspection_c.so\x1b[0m\n'}
[4.914687] (ear_msgs) StdoutLine: {'line': b'[ 62%] Built target ear_msgs__rosidl_typesupport_c\n'}
[4.932918] (-) TimerEvent: {}
[5.033293] (-) TimerEvent: {}
[5.070248] (ear_msgs) StdoutLine: {'line': b'[ 62%] Built target ear_msgs__rosidl_typesupport_introspection_c\n'}
[5.083305] (ear_msgs) StdoutLine: {'line': b'[ 65%] \x1b[32mBuilding CXX object CMakeFiles/ear_msgs__rosidl_typesupport_fastrtps_cpp.dir/rosidl_typesupport_fastrtps_cpp/ear_msgs/srv/detail/dds_fastrtps/register__type_support.cpp.o\x1b[0m\n'}
[5.083521] (ear_msgs) StdoutLine: {'line': b'[ 65%] \x1b[32mBuilding CXX object CMakeFiles/ear_msgs__rosidl_typesupport_fastrtps_cpp.dir/rosidl_typesupport_fastrtps_cpp/ear_msgs/srv/detail/dds_fastrtps/segment_ear__type_support.cpp.o\x1b[0m\n'}
[5.084177] (ear_msgs) StdoutLine: {'line': b'[ 67%] \x1b[32mBuilding CXX object CMakeFiles/ear_msgs__rosidl_typesupport_fastrtps_cpp.dir/rosidl_typesupport_fastrtps_cpp/ear_msgs/action/detail/dds_fastrtps/plan_path__type_support.cpp.o\x1b[0m\n'}
[5.084925] (ear_msgs) StdoutLine: {'line': b'[ 68%] \x1b[32mBuilding CXX object CMakeFiles/ear_msgs__rosidl_typesupport_fastrtps_cpp.dir/rosidl_typesupport_fastrtps_cpp/ear_msgs/srv/detail/dds_fastrtps/centerline__type_support.cpp.o\x1b[0m\n'}
[5.103199] (ear_msgs) StdoutLine: {'line': b'[ 70%] \x1b[32mBuilding CXX object CMakeFiles/ear_msgs__rosidl_typesupport_fastrtps_c.dir/rosidl_typesupport_fastrtps_c/ear_msgs/srv/detail/centerline__type_support_c.cpp.o\x1b[0m\n'}
[5.103392] (ear_msgs) StdoutLine: {'line': b'[ 71%] \x1b[32mBuilding CXX object CMakeFiles/ear_msgs__rosidl_typesupport_fastrtps_c.dir/rosidl_typesupport_fastrtps_c/ear_msgs/srv/detail/segment_ear__type_support_c.cpp.o\x1b[0m\n'}
[5.107711] (ear_msgs) StdoutLine: {'line': b'[ 73%] \x1b[32mBuilding CXX object CMakeFiles/ear_msgs__rosidl_typesupport_fastrtps_c.dir/rosidl_typesupport_fastrtps_c/ear_msgs/srv/detail/register__type_support_c.cpp.o\x1b[0m\n'}
[5.135945] (-) TimerEvent: {}
[5.236339] (-) TimerEvent: {}
[5.336704] (-) TimerEvent: {}
[5.368376] (ear_msgs) StdoutLine: {'line': b'[ 75%] \x1b[32mBuilding CXX object CMakeFiles/ear_msgs__rosidl_typesupport_fastrtps_c.dir/rosidl_typesupport_fastrtps_c/ear_msgs/action/detail/plan_path__type_support_c.cpp.o\x1b[0m\n'}
[5.427477] (ear_msgs) StdoutLine: {'line': b'[ 76%] \x1b[32m\x1b[1mLinking CXX shared library libear_msgs__rosidl_typesupport_cpp.so\x1b[0m\n'}
[5.436901] (-) TimerEvent: {}
[5.537343] (-) TimerEvent: {}
[5.637786] (-) TimerEvent: {}
[5.645645] (ear_msgs) StdoutLine: {'line': b'[ 76%] Built target ear_msgs__rosidl_typesupport_cpp\n'}
[5.738061] (-) TimerEvent: {}
[5.774214] (ear_msgs) StdoutLine: {'line': b'[ 78%] \x1b[32m\x1b[1mLinking CXX shared library libear_msgs__rosidl_typesupport_introspection_cpp.so\x1b[0m\n'}
[5.838367] (-) TimerEvent: {}
[5.902409] (ear_msgs) StdoutLine: {'line': b'[ 78%] Built target ear_msgs__rosidl_typesupport_introspection_cpp\n'}
[5.922823] (ear_msgs) StdoutLine: {'line': b'[ 79%] \x1b[32m\x1b[1mLinking CXX shared library libear_msgs__rosidl_typesupport_fastrtps_c.so\x1b[0m\n'}
[5.938680] (-) TimerEvent: {}
[6.030562] (ear_msgs) StdoutLine: {'line': b'[ 79%] Built target ear_msgs__rosidl_typesupport_fastrtps_c\n'}
[6.039003] (-) TimerEvent: {}
[6.073476] (ear_msgs) StdoutLine: {'line': b'[ 81%] \x1b[32m\x1b[1mLinking CXX shared library libear_msgs__rosidl_typesupport_fastrtps_cpp.so\x1b[0m\n'}
[6.139426] (-) TimerEvent: {}
[6.192406] (ear_msgs) StdoutLine: {'line': b'[ 81%] Built target ear_msgs__rosidl_typesupport_fastrtps_cpp\n'}
[6.212986] (ear_msgs) StdoutLine: {'line': b'[ 81%] Built target ear_msgs\n'}
[6.234048] (ear_msgs) StdoutLine: {'line': b'[ 82%] \x1b[34m\x1b[1mGenerating Python code for ROS interfaces\x1b[0m\n'}
[6.239805] (-) TimerEvent: {}
[6.340433] (-) TimerEvent: {}
[6.441335] (-) TimerEvent: {}
[6.542135] (-) TimerEvent: {}
[6.642728] (-) TimerEvent: {}
[6.743225] (-) TimerEvent: {}
[6.844603] (-) TimerEvent: {}
[6.891504] (ear_msgs) StdoutLine: {'line': b'[ 82%] Built target ear_msgs__py\n'}
[6.912184] (ear_msgs) StdoutLine: {'line': b'[ 87%] \x1b[32mBuilding C object CMakeFiles/ear_msgs__rosidl_generator_py.dir/rosidl_generator_py/ear_msgs/srv/_register_s.c.o\x1b[0m\n'}
[6.912358] (ear_msgs) StdoutLine: {'line': b'[ 87%] \x1b[32mBuilding C object CMakeFiles/ear_msgs__rosidl_generator_py.dir/rosidl_generator_py/ear_msgs/srv/_centerline_s.c.o\x1b[0m\n'}
[6.912411] (ear_msgs) StdoutLine: {'line': b'[ 89%] \x1b[32mBuilding C object CMakeFiles/ear_msgs__rosidl_generator_py.dir/rosidl_generator_py/ear_msgs/srv/_segment_ear_s.c.o\x1b[0m\n'}
[6.912461] (ear_msgs) StdoutLine: {'line': b'[ 89%] \x1b[32mBuilding C object CMakeFiles/ear_msgs__rosidl_generator_py.dir/rosidl_generator_py/ear_msgs/action/_plan_path_s.c.o\x1b[0m\n'}
[6.944767] (-) TimerEvent: {}
[7.045514] (-) TimerEvent: {}
[7.078796] (ear_msgs) StdoutLine: {'line': b'[ 90%] \x1b[32m\x1b[1mLinking C shared library libear_msgs__rosidl_generator_py.so\x1b[0m\n'}
[7.145733] (-) TimerEvent: {}
[7.166008] (ear_msgs) StdoutLine: {'line': b'[ 90%] Built target ear_msgs__rosidl_generator_py\n'}
[7.185553] (ear_msgs) StdoutLine: {'line': b'[ 95%] \x1b[32mBuilding C object CMakeFiles/ear_msgs_s__rosidl_typesupport_c.dir/rosidl_generator_py/ear_msgs/_ear_msgs_s.ep.rosidl_typesupport_c.c.o\x1b[0m\n'}
[7.185697] (ear_msgs) StdoutLine: {'line': b'[ 95%] \x1b[32mBuilding C object CMakeFiles/ear_msgs_s__rosidl_typesupport_introspection_c.dir/rosidl_generator_py/ear_msgs/_ear_msgs_s.ep.rosidl_typesupport_introspection_c.c.o\x1b[0m\n'}
[7.185738] (ear_msgs) StdoutLine: {'line': b'[ 95%] \x1b[32mBuilding C object CMakeFiles/ear_msgs_s__rosidl_typesupport_fastrtps_c.dir/rosidl_generator_py/ear_msgs/_ear_msgs_s.ep.rosidl_typesupport_fastrtps_c.c.o\x1b[0m\n'}
[7.246706] (-) TimerEvent: {}
[7.312015] (ear_msgs) StdoutLine: {'line': b'[ 98%] \x1b[32m\x1b[1mLinking C shared module rosidl_generator_py/ear_msgs/ear_msgs_s__rosidl_typesupport_introspection_c.so\x1b[0m\n'}
[7.312174] (ear_msgs) StdoutLine: {'line': b'[ 98%] \x1b[32m\x1b[1mLinking C shared module rosidl_generator_py/ear_msgs/ear_msgs_s__rosidl_typesupport_c.so\x1b[0m\n'}
[7.319823] (ear_msgs) StdoutLine: {'line': b'[100%] \x1b[32m\x1b[1mLinking C shared module rosidl_generator_py/ear_msgs/ear_msgs_s__rosidl_typesupport_fastrtps_c.so\x1b[0m\n'}
[7.346985] (-) TimerEvent: {}
[7.368491] (ear_msgs) StdoutLine: {'line': b'[100%] Built target ear_msgs_s__rosidl_typesupport_c\n'}
[7.368735] (ear_msgs) StdoutLine: {'line': b'[100%] Built target ear_msgs_s__rosidl_typesupport_introspection_c\n'}
[7.396382] (ear_msgs) StdoutLine: {'line': b'[100%] Built target ear_msgs_s__rosidl_typesupport_fastrtps_c\n'}
[7.409818] (ear_msgs) CommandEnded: {'returncode': 0}
[7.410506] (ear_msgs) JobProgress: {'identifier': 'ear_msgs', 'progress': 'install'}
[7.410880] (ear_msgs) Command: {'cmd': ['/usr/bin/cmake', '--install', '/home/micka/orlsurg/ros2_ws/build/ear_msgs'], 'cwd': '/home/micka/orlsurg/ros2_ws/build/ear_msgs', 'env': OrderedDict({'LESSOPEN': '| /usr/bin/lesspipe %s', 'USER': 'micka', 'ROS_PACKAGE_PATH': '/home/micka/orlsurg/ros2_ws/install/share', 'SHLVL': '1', 'LD_LIBRARY_PATH': '/home/micka/orlsurg/ros2_ws/install/lib:/opt/ros/jazzy/opt/rviz_ogre_vendor/lib:/opt/ros/jazzy/lib/x86_64-linux-gnu:/opt/ros/jazzy/opt/gz_math_vendor/lib:/opt/ros/jazzy/opt/gz_utils_vendor/lib:/opt/ros/jazzy/opt/gz_cmake_vendor/lib:/opt/ros/jazzy/lib', 'MOTD_SHOWN': 'update-motd', 'HOME': '/home/micka', 'OLDPWD': '/home/micka/orlsurg/ros2_ws', 'ROS_PYTHON_VERSION': '3', 'DBUS_SESSION_BUS_ADDRESS': 'unix:path=/run/user/1000/bus', 'WSL_DISTRO_NAME': 'Ubuntu-24.04', 'WAYLAND_DISPLAY': 'wayland-0', 'COLCON_PREFIX_PATH': '/home/micka/orlsurg/ros2_ws/install', 'ROS_DISTRO': 'jazzy', 'LOGNAME': 'micka', 'NAME': 'DESKTOP-5DTC4N1', 'WSL_INTEROP': '/run/WSL/608_interop', 'PULSE_SERVER': 'unix:/mnt/wslg/PulseServer', '_': '/usr/bin/colcon', 'ROS_VERSION': '2', 'PKG_CONFIG_PATH': '/home/micka/orlsurg/ros2_ws/install/lib/x86_64-linux-gnu/pkgconfig:/home/micka/orlsurg/ros2_ws/install/lib/pkgconfig', 'TERM': 'xterm-256color', 'RMW_FASTRTPS_USE_SHM': '0', 'PATH': '/opt/ros/jazzy/bin:/usr/local/sbin:/usr/local/bin:/usr/sbin:/usr/bin:/sbin:/bin:/usr/games:/usr/local/games:/usr/lib/wsl/lib:/mnt/c/Program Files/WindowsApps/MicrosoftCorporationII.WindowsSubsystemForLinux_2.6.1.0_x64__8wekyb3d8bbwe:/mnt/c/Program Files (x86)/Common Files/Oracle/Java/java8path:/mnt/c/Program Files (x86)/Common Files/Oracle/Java/javapath:/mnt/c/Program Files (x86)/VMware/VMware Workstation/bin/:/mnt/c/WINDOWS/system32:/mnt/c/WINDOWS:/mnt/c/WINDOWS/System32/Wbem:/mnt/c/WINDOWS/System32/WindowsPowerShell/v1.0/:/mnt/c/WINDOWS/System32/OpenSSH/:/mnt/c/Program Files/dotnet/:/mnt/c/Program Files/MATLAB/R2023b/runtime/win64:/mnt/c/Program Files/MATLAB/R2023b/bin:/mnt/c/Program Files/Microsoft SQL Server/150/Tools/Binn/:/mnt/c/Program Files/Microsoft SQL Server/Client SDK/ODBC/170/Tools/Binn/:/mnt/c/Program Files (x86)/Windows Kits/10/Windows Performance Toolkit/:/mnt/c/Program Files/Git/cmd:/mnt/c/Program Files/Docker/Docker/resources/bin:/mnt/c/Users/Micka/AppData/Local/Microsoft/WindowsApps:/mnt/c/Users/Micka/AppData/Local/Programs/Microsoft VS Code/bin:/mnt/c/Users/Micka/.dotnet/tools:/snap/bin', 'XDG_RUNTIME_DIR': '/run/user/1000/', 'DISPLAY': ':0', 'LANG': 'C.UTF-8', 'LS_COLORS': 'rs=0:di=01;34:ln=01;36:mh=00:pi=40;33:so=01;35:do=01;35:bd=40;33;01:cd=40;33;01:or=40;31;01:mi=00:su=37;41:sg=30;43:ca=00:tw=30;42:ow=34;42:st=37;44:ex=01;32:*.tar=01;31:*.tgz=01;31:*.arc=01;31:*.arj=01;31:*.taz=01;31:*.lha=01;31:*.lz4=01;31:*.lzh=01;31:*.lzma=01;31:*.tlz=01;31:*.txz=01;31:*.tzo=01;31:*.t7z=01;31:*.zip=01;31:*.z=01;31:*.dz=01;31:*.gz=01;31:*.lrz=01;31:*.lz=01;31:*.lzo=01;31:*.xz=01;31:*.zst=01;31:*.tzst=01;31:*.bz2=01;31:*.bz=01;31:*.tbz=01;31:*.tbz2=01;31:*.tz=01;31:*.deb=01;31:*.rpm=01;31:*.jar=01;31:*.war=01;31:*.ear=01;31:*.sar=01;31:*.rar=01;31:*.alz=01;31:*.ace=01;31:*.zoo=01;31:*.cpio=01;31:*.7z=01;31:*.rz=01;31:*.cab=01;31:*.wim=01;31:*.swm=01;31:*.dwm=01;31:*.esd=01;31:*.avif=01;35:*.jpg=01;35:*.jpeg=01;35:*.mjpg=01;35:*.mjpeg=01;35:*.gif=01;35:*.bmp=01;35:*.pbm=01;35:*.pgm=01;35:*.ppm=01;35:*.tga=01;35:*.xbm=01;35:*.xpm=01;35:*.tif=01;35:*.tiff=01;35:*.png=01;35:*.svg=01;35:*.svgz=01;35:*.mng=01;35:*.pcx=01;35:*.mov=01;35:*.mpg=01;35:*.mpeg=01;35:*.m2v=01;35:*.mkv=01;35:*.webm=01;35:*.webp=01;35:*.ogm=01;35:*.mp4=01;35:*.m4v=01;35:*.mp4v=01;35:*.vob=01;35:*.qt=01;35:*.nuv=01;35:*.wmv=01;35:*.asf=01;35:*.rm=01;35:*.rmvb=01;35:*.flc=01;35:*.avi=01;35:*.fli=01;35:*.flv=01;35:*.gl=01;35:*.dl=01;35:*.xcf=01;35:*.xwd=01;35:*.yuv=01;35:*.cgm=01;35:*.emf=01;35:*.ogv=01;35:*.ogx=01;35:*.aac=00;36:*.au=00;36:*.flac=00;36:*.m4a=00;36:*.mid=00;36:*.midi=00;36:*.mka=00;36:*.mp3=00;36:*.mpc=00;36:*.ogg=00;36:*.ra=00;36:*.wav=00;36:*.oga=00;36:*.opus=00;36:*.spx=00;36:*.xspf=00;36:*~=00;90:*#=00;90:*.bak=00;90:*.crdownload=00;90:*.dpkg-dist=00;90:*.dpkg-new=00;90:*.dpkg-old=00;90:*.dpkg-tmp=00;90:*.old=00;90:*.orig=00;90:*.part=00;90:*.rej=00;90:*.rpmnew=00;90:*.rpmorig=00;90:*.rpmsave=00;90:*.swp=00;90:*.tmp=00;90:*.ucf-dist=00;90:*.ucf-new=00;90:*.ucf-old=00;90:', 'AMENT_PREFIX_PATH': '/opt/ros/jazzy', 'SHELL': '/bin/bash', 'LESSCLOSE': '/usr/bin/lesspipe %s %s', 'ROS_AUTOMATIC_DISCOVERY_RANGE': 'SUBNET', 'PWD': '/home/micka/orlsurg/ros2_ws/build/ear_msgs', 'XDG_DATA_DIRS': '/usr/local/share:/usr/share:/var/lib/snapd/desktop', 'PYTHONPATH': '/home/micka/orlsurg/ros2_ws/install/lib/python3.12/site-packages:/opt/ros/jazzy/lib/python3.12/site-packages', 'COLCON': '1', 'WSL2_GUI_APPS_ENABLED': '1', 'HOSTTYPE': 'x86_64', 'CMAKE_PREFIX_PATH': '/home/micka/orlsurg/ros2_ws/install:/opt/ros/jazzy/opt/gz_math_vendor:/opt/ros/jazzy/opt/gz_utils_vendor:/opt/ros/jazzy/opt/gz_cmake_vendor', 'WSLENV': ''}), 'shell': False}
[7.418723] (ear_msgs) StdoutLine: {'line': b'-- Install configuration: ""\n'}
[7.419208] (ear_msgs) StdoutLine: {'line': b'-- Installing: /home/micka/orlsurg/ros2_ws/install/share/ament_index/resource_index/rosidl_interfaces/ear_msgs\n'}
[7.420322] (ear_msgs) StdoutLine: {'line': b'-- Installing: /home/micka/orlsurg/ros2_ws/install/share/ear_msgs/srv/SegmentEar.json\n'}
[7.421050] (ear_msgs) StdoutLine: {'line': b'-- Installing: /home/micka/orlsurg/ros2_ws/install/share/ear_msgs/srv/Centerline.json\n'}
[7.421154] (ear_msgs) StdoutLine: {'line': b'-- Installing: /home/micka/orlsurg/ros2_ws/install/share/ear_msgs/srv/Register.json\n'}
[7.421360] (ear_msgs) StdoutLine: {'line': b'-- Installing: /home/micka/orlsurg/ros2_ws/install/share/ear_msgs/action/PlanPath.json\n'}
[7.421559] (ear_msgs) StdoutLine: {'line': b'-- Installing: /home/micka/orlsurg/ros2_ws/install/include/ear_msgs/ear_msgs\n'}
[7.422499] (ear_msgs) StdoutLine: {'line': b'-- Installing: /home/micka/orlsurg/ros2_ws/install/include/ear_msgs/ear_msgs/action\n'}
[7.422847] (ear_msgs) StdoutLine: {'line': b'-- Installing: /home/micka/orlsurg/ros2_ws/install/include/ear_msgs/ear_msgs/action/plan_path.h\n'}
[7.422972] (ear_msgs) StdoutLine: {'line': b'-- Installing: /home/micka/orlsurg/ros2_ws/install/include/ear_msgs/ear_msgs/action/detail\n'}
[7.423331] (ear_msgs) StdoutLine: {'line': b'-- Installing: /home/micka/orlsurg/ros2_ws/install/include/ear_msgs/ear_msgs/action/detail/plan_path__struct.h\n'}
[7.423476] (ear_msgs) StdoutLine: {'line': b'-- Installing: /home/micka/orlsurg/ros2_ws/install/include/ear_msgs/ear_msgs/action/detail/plan_path__functions.c\n'}
[7.423733] (ear_msgs) StdoutLine: {'line': b'-- Installing: /home/micka/orlsurg/ros2_ws/install/include/ear_msgs/ear_msgs/action/detail/plan_path__type_support.h\n'}
[7.423847] (ear_msgs) StdoutLine: {'line': b'-- Installing: /home/micka/orlsurg/ros2_ws/install/include/ear_msgs/ear_msgs/action/detail/plan_path__functions.h\n'}
[7.424223] (ear_msgs) StdoutLine: {'line': b'-- Installing: /home/micka/orlsurg/ros2_ws/install/include/ear_msgs/ear_msgs/action/detail/plan_path__description.c\n'}
[7.424581] (ear_msgs) StdoutLine: {'line': b'-- Installing: /home/micka/orlsurg/ros2_ws/install/include/ear_msgs/ear_msgs/action/detail/plan_path__type_support.c\n'}
[7.424728] (ear_msgs) StdoutLine: {'line': b'-- Installing: /home/micka/orlsurg/ros2_ws/install/include/ear_msgs/ear_msgs/srv\n'}
[7.425072] (ear_msgs) StdoutLine: {'line': b'-- Installing: /home/micka/orlsurg/ros2_ws/install/include/ear_msgs/ear_msgs/srv/segment_ear.h\n'}
[7.425212] (ear_msgs) StdoutLine: {'line': b'-- Installing: /home/micka/orlsurg/ros2_ws/install/include/ear_msgs/ear_msgs/srv/register.h\n'}
[7.425335] (ear_msgs) StdoutLine: {'line': b'-- Installing: /home/micka/orlsurg/ros2_ws/install/include/ear_msgs/ear_msgs/srv/detail\n'}
[7.425689] (ear_msgs) StdoutLine: {'line': b'-- Installing: /home/micka/orlsurg/ros2_ws/install/include/ear_msgs/ear_msgs/srv/detail/segment_ear__functions.c\n'}
[7.425872] (ear_msgs) StdoutLine: {'line': b'-- Installing: /home/micka/orlsurg/ros2_ws/install/include/ear_msgs/ear_msgs/srv/detail/register__type_support.h\n'}
[7.425994] (ear_msgs) StdoutLine: {'line': b'-- Installing: /home/micka/orlsurg/ros2_ws/install/include/ear_msgs/ear_msgs/srv/detail/centerline__functions.c\n'}
[7.426162] (ear_msgs) StdoutLine: {'line': b'-- Installing: /home/micka/orlsurg/ros2_ws/install/include/ear_msgs/ear_msgs/srv/detail/centerline__struct.h\n'}
[7.426311] (ear_msgs) StdoutLine: {'line': b'-- Installing: /home/micka/orlsurg/ros2_ws/install/include/ear_msgs/ear_msgs/srv/detail/register__functions.h\n'}
[7.426465] (ear_msgs) StdoutLine: {'line': b'-- Installing: /home/micka/orlsurg/ros2_ws/install/include/ear_msgs/ear_msgs/srv/detail/segment_ear__type_support.h\n'}
[7.426599] (ear_msgs) StdoutLine: {'line': b'-- Installing: /home/micka/orlsurg/ros2_ws/install/include/ear_msgs/ear_msgs/srv/detail/segment_ear__functions.h\n'}
[7.426761] (ear_msgs) StdoutLine: {'line': b'-- Installing: /home/micka/orlsurg/ros2_ws/install/include/ear_msgs/ear_msgs/srv/detail/register__type_support.c\n'}
[7.426894] (ear_msgs) StdoutLine: {'line': b'-- Installing: /home/micka/orlsurg/ros2_ws/install/include/ear_msgs/ear_msgs/srv/detail/centerline__functions.h\n'}
[7.427051] (ear_msgs) StdoutLine: {'line': b'-- Installing: /home/micka/orlsurg/ros2_ws/install/include/ear_msgs/ear_msgs/srv/detail/register__description.c\n'}
[7.427215] (ear_msgs) StdoutLine: {'line': b'-- Installing: /home/micka/orlsurg/ros2_ws/install/include/ear_msgs/ear_msgs/srv/detail/segment_ear__description.c\n'}
[7.427415] (ear_msgs) StdoutLine: {'line': b'-- Installing: /home/micka/orlsurg/ros2_ws/install/include/ear_msgs/ear_msgs/srv/detail/register__struct.h\n'}
[7.427565] (ear_msgs) StdoutLine: {'line': b'-- Installing: /home/micka/orlsurg/ros2_ws/install/include/ear_msgs/ear_msgs/srv/detail/centerline__type_support.h\n'}
[7.427741] (ear_msgs) StdoutLine: {'line': b'-- Installing: /home/micka/orlsurg/ros2_ws/install/include/ear_msgs/ear_msgs/srv/detail/segment_ear__type_support.c\n'}
[7.427829] (ear_msgs) StdoutLine: {'line': b'-- Installing: /home/micka/orlsurg/ros2_ws/install/include/ear_msgs/ear_msgs/srv/detail/centerline__description.c\n'}
[7.428041] (ear_msgs) StdoutLine: {'line': b'-- Installing: /home/micka/orlsurg/ros2_ws/install/include/ear_msgs/ear_msgs/srv/detail/segment_ear__struct.h\n'}
[7.428187] (ear_msgs) StdoutLine: {'line': b'-- Installing: /home/micka/orlsurg/ros2_ws/install/include/ear_msgs/ear_msgs/srv/detail/centerline__type_support.c\n'}
[7.428361] (ear_msgs) StdoutLine: {'line': b'-- Installing: /home/micka/orlsurg/ros2_ws/install/include/ear_msgs/ear_msgs/srv/detail/register__functions.c\n'}
[7.428520] (ear_msgs) StdoutLine: {'line': b'-- Installing: /home/micka/orlsurg/ros2_ws/install/include/ear_msgs/ear_msgs/srv/centerline.h\n'}
[7.428654] (ear_msgs) StdoutLine: {'line': b'-- Installing: /home/micka/orlsurg/ros2_ws/install/include/ear_msgs/ear_msgs/msg\n'}
[7.429014] (ear_msgs) StdoutLine: {'line': b'-- Installing: /home/micka/orlsurg/ros2_ws/install/include/ear_msgs/ear_msgs/msg/rosidl_generator_c__visibility_control.h\n'}
[7.429487] (ear_msgs) StdoutLine: {'line': b'-- Installing: /home/micka/orlsurg/ros2_ws/install/share/ear_msgs/environment/library_path.sh\n'}
[7.429668] (ear_msgs) StdoutLine: {'line': b'-- Installing: /home/micka/orlsurg/ros2_ws/install/share/ear_msgs/environment/library_path.dsv\n'}
[7.429840] (ear_msgs) StdoutLine: {'line': b'-- Installing: /home/micka/orlsurg/ros2_ws/install/lib/libear_msgs__rosidl_generator_c.so\n'}
[7.430562] (ear_msgs) StdoutLine: {'line': b'-- Set non-toolchain portion of runtime path of "/home/micka/orlsurg/ros2_ws/install/lib/libear_msgs__rosidl_generator_c.so" to ""\n'}
[7.430721] (ear_msgs) StdoutLine: {'line': b'-- Up-to-date: /home/micka/orlsurg/ros2_ws/install/include/ear_msgs/ear_msgs\n'}
[7.430843] (ear_msgs) StdoutLine: {'line': b'-- Up-to-date: /home/micka/orlsurg/ros2_ws/install/include/ear_msgs/ear_msgs/action\n'}
[7.430941] (ear_msgs) StdoutLine: {'line': b'-- Up-to-date: /home/micka/orlsurg/ros2_ws/install/include/ear_msgs/ear_msgs/action/detail\n'}
[7.431087] (ear_msgs) StdoutLine: {'line': b'-- Installing: /home/micka/orlsurg/ros2_ws/install/include/ear_msgs/ear_msgs/action/detail/plan_path__rosidl_typesupport_fastrtps_c.h\n'}
[7.431171] (ear_msgs) StdoutLine: {'line': b'-- Up-to-date: /home/micka/orlsurg/ros2_ws/install/include/ear_msgs/ear_msgs/srv\n'}
[7.431299] (ear_msgs) StdoutLine: {'line': b'-- Up-to-date: /home/micka/orlsurg/ros2_ws/install/include/ear_msgs/ear_msgs/srv/detail\n'}
[7.431350] (ear_msgs) StdoutLine: {'line': b'-- Installing: /home/micka/orlsurg/ros2_ws/install/include/ear_msgs/ear_msgs/srv/detail/register__rosidl_typesupport_fastrtps_c.h\n'}
[7.431390] (ear_msgs) StdoutLine: {'line': b'-- Installing: /home/micka/orlsurg/ros2_ws/install/include/ear_msgs/ear_msgs/srv/detail/segment_ear__rosidl_typesupport_fastrtps_c.h\n'}
[7.431427] (ear_msgs) StdoutLine: {'line': b'-- Installing: /home/micka/orlsurg/ros2_ws/install/include/ear_msgs/ear_msgs/srv/detail/centerline__rosidl_typesupport_fastrtps_c.h\n'}
[7.431561] (ear_msgs) StdoutLine: {'line': b'-- Up-to-date: /home/micka/orlsurg/ros2_ws/install/include/ear_msgs/ear_msgs/msg\n'}
[7.431614] (ear_msgs) StdoutLine: {'line': b'-- Installing: /home/micka/orlsurg/ros2_ws/install/include/ear_msgs/ear_msgs/msg/rosidl_typesupport_fastrtps_c__visibility_control.h\n'}
[7.431701] (ear_msgs) StdoutLine: {'line': b'-- Installing: /home/micka/orlsurg/ros2_ws/install/lib/libear_msgs__rosidl_typesupport_fastrtps_c.so\n'}
[7.432275] (ear_msgs) StdoutLine: {'line': b'-- Set non-toolchain portion of runtime path of "/home/micka/orlsurg/ros2_ws/install/lib/libear_msgs__rosidl_typesupport_fastrtps_c.so" to ""\n'}
[7.432442] (ear_msgs) StdoutLine: {'line': b'-- Up-to-date: /home/micka/orlsurg/ros2_ws/install/include/ear_msgs/ear_msgs\n'}
[7.432511] (ear_msgs) StdoutLine: {'line': b'-- Up-to-date: /home/micka/orlsurg/ros2_ws/install/include/ear_msgs/ear_msgs/action\n'}
[7.432555] (ear_msgs) StdoutLine: {'line': b'-- Up-to-date: /home/micka/orlsurg/ros2_ws/install/include/ear_msgs/ear_msgs/action/detail\n'}
[7.432610] (ear_msgs) StdoutLine: {'line': b'-- Installing: /home/micka/orlsurg/ros2_ws/install/include/ear_msgs/ear_msgs/action/detail/plan_path__rosidl_typesupport_introspection_c.h\n'}
[7.432716] (ear_msgs) StdoutLine: {'line': b'-- Installing: /home/micka/orlsurg/ros2_ws/install/include/ear_msgs/ear_msgs/action/detail/plan_path__type_support.c\n'}
[7.432899] (ear_msgs) StdoutLine: {'line': b'-- Up-to-date: /home/micka/orlsurg/ros2_ws/install/include/ear_msgs/ear_msgs/srv\n'}
[7.433046] (ear_msgs) StdoutLine: {'line': b'-- Up-to-date: /home/micka/orlsurg/ros2_ws/install/include/ear_msgs/ear_msgs/srv/detail\n'}
[7.433100] (ear_msgs) StdoutLine: {'line': b'-- Installing: /home/micka/orlsurg/ros2_ws/install/include/ear_msgs/ear_msgs/srv/detail/centerline__rosidl_typesupport_introspection_c.h\n'}
[7.433223] (ear_msgs) StdoutLine: {'line': b'-- Installing: /home/micka/orlsurg/ros2_ws/install/include/ear_msgs/ear_msgs/srv/detail/segment_ear__rosidl_typesupport_introspection_c.h\n'}
[7.433350] (ear_msgs) StdoutLine: {'line': b'-- Installing: /home/micka/orlsurg/ros2_ws/install/include/ear_msgs/ear_msgs/srv/detail/register__type_support.c\n'}
[7.433467] (ear_msgs) StdoutLine: {'line': b'-- Installing: /home/micka/orlsurg/ros2_ws/install/include/ear_msgs/ear_msgs/srv/detail/segment_ear__type_support.c\n'}
[7.433657] (ear_msgs) StdoutLine: {'line': b'-- Installing: /home/micka/orlsurg/ros2_ws/install/include/ear_msgs/ear_msgs/srv/detail/centerline__type_support.c\n'}
[7.433832] (ear_msgs) StdoutLine: {'line': b'-- Installing: /home/micka/orlsurg/ros2_ws/install/include/ear_msgs/ear_msgs/srv/detail/register__rosidl_typesupport_introspection_c.h\n'}
[7.433963] (ear_msgs) StdoutLine: {'line': b'-- Up-to-date: /home/micka/orlsurg/ros2_ws/install/include/ear_msgs/ear_msgs/msg\n'}
[7.434080] (ear_msgs) StdoutLine: {'line': b'-- Installing: /home/micka/orlsurg/ros2_ws/install/include/ear_msgs/ear_msgs/msg/rosidl_typesupport_introspection_c__visibility_control.h\n'}
[7.434195] (ear_msgs) StdoutLine: {'line': b'-- Installing: /home/micka/orlsurg/ros2_ws/install/lib/libear_msgs__rosidl_typesupport_introspection_c.so\n'}
[7.434628] (ear_msgs) StdoutLine: {'line': b'-- Set non-toolchain portion of runtime path of "/home/micka/orlsurg/ros2_ws/install/lib/libear_msgs__rosidl_typesupport_introspection_c.so" to ""\n'}
[7.434716] (ear_msgs) StdoutLine: {'line': b'-- Installing: /home/micka/orlsurg/ros2_ws/install/lib/libear_msgs__rosidl_typesupport_c.so\n'}
[7.435129] (ear_msgs) StdoutLine: {'line': b'-- Set non-toolchain portion of runtime path of "/home/micka/orlsurg/ros2_ws/install/lib/libear_msgs__rosidl_typesupport_c.so" to ""\n'}
[7.435287] (ear_msgs) StdoutLine: {'line': b'-- Up-to-date: /home/micka/orlsurg/ros2_ws/install/include/ear_msgs/ear_msgs\n'}
[7.435341] (ear_msgs) StdoutLine: {'line': b'-- Up-to-date: /home/micka/orlsurg/ros2_ws/install/include/ear_msgs/ear_msgs/action\n'}
[7.435381] (ear_msgs) StdoutLine: {'line': b'-- Installing: /home/micka/orlsurg/ros2_ws/install/include/ear_msgs/ear_msgs/action/plan_path.hpp\n'}
[7.435471] (ear_msgs) StdoutLine: {'line': b'-- Up-to-date: /home/micka/orlsurg/ros2_ws/install/include/ear_msgs/ear_msgs/action/detail\n'}
[7.435529] (ear_msgs) StdoutLine: {'line': b'-- Installing: /home/micka/orlsurg/ros2_ws/install/include/ear_msgs/ear_msgs/action/detail/plan_path__struct.hpp\n'}
[7.435669] (ear_msgs) StdoutLine: {'line': b'-- Installing: /home/micka/orlsurg/ros2_ws/install/include/ear_msgs/ear_msgs/action/detail/plan_path__builder.hpp\n'}
[7.435830] (ear_msgs) StdoutLine: {'line': b'-- Installing: /home/micka/orlsurg/ros2_ws/install/include/ear_msgs/ear_msgs/action/detail/plan_path__type_support.hpp\n'}
[7.435993] (ear_msgs) StdoutLine: {'line': b'-- Installing: /home/micka/orlsurg/ros2_ws/install/include/ear_msgs/ear_msgs/action/detail/plan_path__traits.hpp\n'}
[7.436173] (ear_msgs) StdoutLine: {'line': b'-- Up-to-date: /home/micka/orlsurg/ros2_ws/install/include/ear_msgs/ear_msgs/srv\n'}
[7.436278] (ear_msgs) StdoutLine: {'line': b'-- Installing: /home/micka/orlsurg/ros2_ws/install/include/ear_msgs/ear_msgs/srv/register.hpp\n'}
[7.436371] (ear_msgs) StdoutLine: {'line': b'-- Installing: /home/micka/orlsurg/ros2_ws/install/include/ear_msgs/ear_msgs/srv/centerline.hpp\n'}
[7.436515] (ear_msgs) StdoutLine: {'line': b'-- Up-to-date: /home/micka/orlsurg/ros2_ws/install/include/ear_msgs/ear_msgs/srv/detail\n'}
[7.436602] (ear_msgs) StdoutLine: {'line': b'-- Installing: /home/micka/orlsurg/ros2_ws/install/include/ear_msgs/ear_msgs/srv/detail/segment_ear__builder.hpp\n'}
[7.436735] (ear_msgs) StdoutLine: {'line': b'-- Installing: /home/micka/orlsurg/ros2_ws/install/include/ear_msgs/ear_msgs/srv/detail/segment_ear__struct.hpp\n'}
[7.436935] (ear_msgs) StdoutLine: {'line': b'-- Installing: /home/micka/orlsurg/ros2_ws/install/include/ear_msgs/ear_msgs/srv/detail/register__type_support.hpp\n'}
[7.437108] (ear_msgs) StdoutLine: {'line': b'-- Installing: /home/micka/orlsurg/ros2_ws/install/include/ear_msgs/ear_msgs/srv/detail/segment_ear__type_support.hpp\n'}
[7.437289] (ear_msgs) StdoutLine: {'line': b'-- Installing: /home/micka/orlsurg/ros2_ws/install/include/ear_msgs/ear_msgs/srv/detail/segment_ear__traits.hpp\n'}
[7.437462] (ear_msgs) StdoutLine: {'line': b'-- Installing: /home/micka/orlsurg/ros2_ws/install/include/ear_msgs/ear_msgs/srv/detail/centerline__builder.hpp\n'}
[7.437607] (ear_msgs) StdoutLine: {'line': b'-- Installing: /home/micka/orlsurg/ros2_ws/install/include/ear_msgs/ear_msgs/srv/detail/register__builder.hpp\n'}
[7.437760] (ear_msgs) StdoutLine: {'line': b'-- Installing: /home/micka/orlsurg/ros2_ws/install/include/ear_msgs/ear_msgs/srv/detail/centerline__type_support.hpp\n'}
[7.437892] (ear_msgs) StdoutLine: {'line': b'-- Installing: /home/micka/orlsurg/ros2_ws/install/include/ear_msgs/ear_msgs/srv/detail/centerline__traits.hpp\n'}
[7.438033] (ear_msgs) StdoutLine: {'line': b'-- Installing: /home/micka/orlsurg/ros2_ws/install/include/ear_msgs/ear_msgs/srv/detail/centerline__struct.hpp\n'}
[7.438177] (ear_msgs) StdoutLine: {'line': b'-- Installing: /home/micka/orlsurg/ros2_ws/install/include/ear_msgs/ear_msgs/srv/detail/register__struct.hpp\n'}
[7.438336] (ear_msgs) StdoutLine: {'line': b'-- Installing: /home/micka/orlsurg/ros2_ws/install/include/ear_msgs/ear_msgs/srv/detail/register__traits.hpp\n'}
[7.438492] (ear_msgs) StdoutLine: {'line': b'-- Installing: /home/micka/orlsurg/ros2_ws/install/include/ear_msgs/ear_msgs/srv/segment_ear.hpp\n'}
[7.438627] (ear_msgs) StdoutLine: {'line': b'-- Up-to-date: /home/micka/orlsurg/ros2_ws/install/include/ear_msgs/ear_msgs/msg\n'}
[7.438752] (ear_msgs) StdoutLine: {'line': b'-- Installing: /home/micka/orlsurg/ros2_ws/install/include/ear_msgs/ear_msgs/msg/rosidl_generator_cpp__visibility_control.hpp\n'}
[7.438838] (ear_msgs) StdoutLine: {'line': b'-- Up-to-date: /home/micka/orlsurg/ros2_ws/install/include/ear_msgs/ear_msgs\n'}
[7.438976] (ear_msgs) StdoutLine: {'line': b'-- Up-to-date: /home/micka/orlsurg/ros2_ws/install/include/ear_msgs/ear_msgs/action\n'}
[7.439021] (ear_msgs) StdoutLine: {'line': b'-- Up-to-date: /home/micka/orlsurg/ros2_ws/install/include/ear_msgs/ear_msgs/action/detail\n'}
[7.439054] (ear_msgs) StdoutLine: {'line': b'-- Installing: /home/micka/orlsurg/ros2_ws/install/include/ear_msgs/ear_msgs/action/detail/plan_path__rosidl_typesupport_fastrtps_cpp.hpp\n'}
[7.439161] (ear_msgs) StdoutLine: {'line': b'-- Installing: /home/micka/orlsurg/ros2_ws/install/include/ear_msgs/ear_msgs/action/detail/dds_fastrtps\n'}
[7.439543] (ear_msgs) StdoutLine: {'line': b'-- Up-to-date: /home/micka/orlsurg/ros2_ws/install/include/ear_msgs/ear_msgs/srv\n'}
[7.439644] (ear_msgs) StdoutLine: {'line': b'-- Up-to-date: /home/micka/orlsurg/ros2_ws/install/include/ear_msgs/ear_msgs/srv/detail\n'}
[7.439711] (ear_msgs) StdoutLine: {'line': b'-- Installing: /home/micka/orlsurg/ros2_ws/install/include/ear_msgs/ear_msgs/srv/detail/segment_ear__rosidl_typesupport_fastrtps_cpp.hpp\n'}
[7.439811] (ear_msgs) StdoutLine: {'line': b'-- Installing: /home/micka/orlsurg/ros2_ws/install/include/ear_msgs/ear_msgs/srv/detail/centerline__rosidl_typesupport_fastrtps_cpp.hpp\n'}
[7.439964] (ear_msgs) StdoutLine: {'line': b'-- Installing: /home/micka/orlsurg/ros2_ws/install/include/ear_msgs/ear_msgs/srv/detail/register__rosidl_typesupport_fastrtps_cpp.hpp\n'}
[7.440127] (ear_msgs) StdoutLine: {'line': b'-- Installing: /home/micka/orlsurg/ros2_ws/install/include/ear_msgs/ear_msgs/srv/detail/dds_fastrtps\n'}
[7.440478] (ear_msgs) StdoutLine: {'line': b'-- Up-to-date: /home/micka/orlsurg/ros2_ws/install/include/ear_msgs/ear_msgs/msg\n'}
[7.440586] (ear_msgs) StdoutLine: {'line': b'-- Installing: /home/micka/orlsurg/ros2_ws/install/include/ear_msgs/ear_msgs/msg/rosidl_typesupport_fastrtps_cpp__visibility_control.h\n'}
[7.440696] (ear_msgs) StdoutLine: {'line': b'-- Installing: /home/micka/orlsurg/ros2_ws/install/lib/libear_msgs__rosidl_typesupport_fastrtps_cpp.so\n'}
[7.441754] (ear_msgs) StdoutLine: {'line': b'-- Set non-toolchain portion of runtime path of "/home/micka/orlsurg/ros2_ws/install/lib/libear_msgs__rosidl_typesupport_fastrtps_cpp.so" to ""\n'}
[7.441814] (ear_msgs) StdoutLine: {'line': b'-- Up-to-date: /home/micka/orlsurg/ros2_ws/install/include/ear_msgs/ear_msgs\n'}
[7.441879] (ear_msgs) StdoutLine: {'line': b'-- Up-to-date: /home/micka/orlsurg/ros2_ws/install/include/ear_msgs/ear_msgs/action\n'}
[7.441929] (ear_msgs) StdoutLine: {'line': b'-- Up-to-date: /home/micka/orlsurg/ros2_ws/install/include/ear_msgs/ear_msgs/action/detail\n'}
[7.442018] (ear_msgs) StdoutLine: {'line': b'-- Installing: /home/micka/orlsurg/ros2_ws/install/include/ear_msgs/ear_msgs/action/detail/plan_path__rosidl_typesupport_introspection_cpp.hpp\n'}
[7.442099] (ear_msgs) StdoutLine: {'line': b'-- Installing: /home/micka/orlsurg/ros2_ws/install/include/ear_msgs/ear_msgs/action/detail/plan_path__type_support.cpp\n'}
[7.442325] (ear_msgs) StdoutLine: {'line': b'-- Up-to-date: /home/micka/orlsurg/ros2_ws/install/include/ear_msgs/ear_msgs/srv\n'}
[7.442427] (ear_msgs) StdoutLine: {'line': b'-- Up-to-date: /home/micka/orlsurg/ros2_ws/install/include/ear_msgs/ear_msgs/srv/detail\n'}
[7.442468] (ear_msgs) StdoutLine: {'line': b'-- Installing: /home/micka/orlsurg/ros2_ws/install/include/ear_msgs/ear_msgs/srv/detail/centerline__rosidl_typesupport_introspection_cpp.hpp\n'}
[7.442572] (ear_msgs) StdoutLine: {'line': b'-- Installing: /home/micka/orlsurg/ros2_ws/install/include/ear_msgs/ear_msgs/srv/detail/segment_ear__rosidl_typesupport_introspection_cpp.hpp\n'}
[7.442696] (ear_msgs) StdoutLine: {'line': b'-- Installing: /home/micka/orlsurg/ros2_ws/install/include/ear_msgs/ear_msgs/srv/detail/register__type_support.cpp\n'}
[7.442860] (ear_msgs) StdoutLine: {'line': b'-- Installing: /home/micka/orlsurg/ros2_ws/install/include/ear_msgs/ear_msgs/srv/detail/register__rosidl_typesupport_introspection_cpp.hpp\n'}
[7.442985] (ear_msgs) StdoutLine: {'line': b'-- Installing: /home/micka/orlsurg/ros2_ws/install/include/ear_msgs/ear_msgs/srv/detail/centerline__type_support.cpp\n'}
[7.443178] (ear_msgs) StdoutLine: {'line': b'-- Installing: /home/micka/orlsurg/ros2_ws/install/include/ear_msgs/ear_msgs/srv/detail/segment_ear__type_support.cpp\n'}
[7.443357] (ear_msgs) StdoutLine: {'line': b'-- Installing: /home/micka/orlsurg/ros2_ws/install/lib/libear_msgs__rosidl_typesupport_introspection_cpp.so\n'}
[7.444434] (ear_msgs) StdoutLine: {'line': b'-- Set non-toolchain portion of runtime path of "/home/micka/orlsurg/ros2_ws/install/lib/libear_msgs__rosidl_typesupport_introspection_cpp.so" to ""\n'}
[7.444580] (ear_msgs) StdoutLine: {'line': b'-- Installing: /home/micka/orlsurg/ros2_ws/install/lib/libear_msgs__rosidl_typesupport_cpp.so\n'}
[7.445283] (ear_msgs) StdoutLine: {'line': b'-- Set non-toolchain portion of runtime path of "/home/micka/orlsurg/ros2_ws/install/lib/libear_msgs__rosidl_typesupport_cpp.so" to ""\n'}
[7.445385] (ear_msgs) StdoutLine: {'line': b'-- Installing: /home/micka/orlsurg/ros2_ws/install/share/ear_msgs/environment/pythonpath.sh\n'}
[7.445500] (ear_msgs) StdoutLine: {'line': b'-- Installing: /home/micka/orlsurg/ros2_ws/install/share/ear_msgs/environment/pythonpath.dsv\n'}
[7.445674] (ear_msgs) StdoutLine: {'line': b'-- Installing: /home/micka/orlsurg/ros2_ws/install/lib/python3.12/site-packages/ear_msgs-0.0.1-py3.12.egg-info\n'}
[7.446067] (ear_msgs) StdoutLine: {'line': b'-- Installing: /home/micka/orlsurg/ros2_ws/install/lib/python3.12/site-packages/ear_msgs-0.0.1-py3.12.egg-info/PKG-INFO\n'}
[7.446251] (ear_msgs) StdoutLine: {'line': b'-- Installing: /home/micka/orlsurg/ros2_ws/install/lib/python3.12/site-packages/ear_msgs-0.0.1-py3.12.egg-info/top_level.txt\n'}
[7.446398] (ear_msgs) StdoutLine: {'line': b'-- Installing: /home/micka/orlsurg/ros2_ws/install/lib/python3.12/site-packages/ear_msgs-0.0.1-py3.12.egg-info/SOURCES.txt\n'}
[7.446519] (ear_msgs) StdoutLine: {'line': b'-- Installing: /home/micka/orlsurg/ros2_ws/install/lib/python3.12/site-packages/ear_msgs-0.0.1-py3.12.egg-info/dependency_links.txt\n'}
[7.446684] (ear_msgs) StdoutLine: {'line': b'-- Installing: /home/micka/orlsurg/ros2_ws/install/lib/python3.12/site-packages/ear_msgs\n'}
[7.447052] (ear_msgs) StdoutLine: {'line': b'-- Installing: /home/micka/orlsurg/ros2_ws/install/lib/python3.12/site-packages/ear_msgs/_ear_msgs_s.ep.rosidl_typesupport_fastrtps_c.c\n'}
[7.447126] (-) TimerEvent: {}
[7.447332] (ear_msgs) StdoutLine: {'line': b'-- Installing: /home/micka/orlsurg/ros2_ws/install/lib/python3.12/site-packages/ear_msgs/action\n'}
[7.447753] (ear_msgs) StdoutLine: {'line': b'-- Installing: /home/micka/orlsurg/ros2_ws/install/lib/python3.12/site-packages/ear_msgs/action/_plan_path_s.c\n'}
[7.447970] (ear_msgs) StdoutLine: {'line': b'-- Installing: /home/micka/orlsurg/ros2_ws/install/lib/python3.12/site-packages/ear_msgs/action/_plan_path.py\n'}
[7.448188] (ear_msgs) StdoutLine: {'line': b'-- Installing: /home/micka/orlsurg/ros2_ws/install/lib/python3.12/site-packages/ear_msgs/action/__init__.py\n'}
[7.448322] (ear_msgs) StdoutLine: {'line': b'-- Installing: /home/micka/orlsurg/ros2_ws/install/lib/python3.12/site-packages/ear_msgs/srv\n'}
[7.448674] (ear_msgs) StdoutLine: {'line': b'-- Installing: /home/micka/orlsurg/ros2_ws/install/lib/python3.12/site-packages/ear_msgs/srv/_segment_ear.py\n'}
[7.448821] (ear_msgs) StdoutLine: {'line': b'-- Installing: /home/micka/orlsurg/ros2_ws/install/lib/python3.12/site-packages/ear_msgs/srv/_centerline.py\n'}
[7.448972] (ear_msgs) StdoutLine: {'line': b'-- Installing: /home/micka/orlsurg/ros2_ws/install/lib/python3.12/site-packages/ear_msgs/srv/_centerline_s.c\n'}
[7.449120] (ear_msgs) StdoutLine: {'line': b'-- Installing: /home/micka/orlsurg/ros2_ws/install/lib/python3.12/site-packages/ear_msgs/srv/_register_s.c\n'}
[7.449267] (ear_msgs) StdoutLine: {'line': b'-- Installing: /home/micka/orlsurg/ros2_ws/install/lib/python3.12/site-packages/ear_msgs/srv/_register.py\n'}
[7.449422] (ear_msgs) StdoutLine: {'line': b'-- Installing: /home/micka/orlsurg/ros2_ws/install/lib/python3.12/site-packages/ear_msgs/srv/_segment_ear_s.c\n'}
[7.449576] (ear_msgs) StdoutLine: {'line': b'-- Installing: /home/micka/orlsurg/ros2_ws/install/lib/python3.12/site-packages/ear_msgs/srv/__init__.py\n'}
[7.449716] (ear_msgs) StdoutLine: {'line': b'-- Installing: /home/micka/orlsurg/ros2_ws/install/lib/python3.12/site-packages/ear_msgs/ear_msgs_s__rosidl_typesupport_c.so\n'}
[7.449933] (ear_msgs) StdoutLine: {'line': b'-- Installing: /home/micka/orlsurg/ros2_ws/install/lib/python3.12/site-packages/ear_msgs/ear_msgs_s__rosidl_typesupport_fastrtps_c.so\n'}
[7.450162] (ear_msgs) StdoutLine: {'line': b'-- Installing: /home/micka/orlsurg/ros2_ws/install/lib/python3.12/site-packages/ear_msgs/_ear_msgs_s.ep.rosidl_typesupport_c.c\n'}
[7.450444] (ear_msgs) StdoutLine: {'line': b'-- Installing: /home/micka/orlsurg/ros2_ws/install/lib/python3.12/site-packages/ear_msgs/_ear_msgs_s.ep.rosidl_typesupport_introspection_c.c\n'}
[7.450711] (ear_msgs) StdoutLine: {'line': b'-- Installing: /home/micka/orlsurg/ros2_ws/install/lib/python3.12/site-packages/ear_msgs/ear_msgs_s__rosidl_typesupport_introspection_c.so\n'}
[7.450933] (ear_msgs) StdoutLine: {'line': b'-- Installing: /home/micka/orlsurg/ros2_ws/install/lib/python3.12/site-packages/ear_msgs/__init__.py\n'}
[7.492226] (ear_msgs) StdoutLine: {'line': b"Listing '/home/micka/orlsurg/ros2_ws/install/lib/python3.12/site-packages/ear_msgs'...\n"}
[7.492380] (ear_msgs) StdoutLine: {'line': b"Compiling '/home/micka/orlsurg/ros2_ws/install/lib/python3.12/site-packages/ear_msgs/__init__.py'...\n"}
[7.492428] (ear_msgs) StdoutLine: {'line': b"Listing '/home/micka/orlsurg/ros2_ws/install/lib/python3.12/site-packages/ear_msgs/action'...\n"}
[7.492480] (ear_msgs) StdoutLine: {'line': b"Compiling '/home/micka/orlsurg/ros2_ws/install/lib/python3.12/site-packages/ear_msgs/action/__init__.py'...\n"}
[7.492529] (ear_msgs) StdoutLine: {'line': b"Compiling '/home/micka/orlsurg/ros2_ws/install/lib/python3.12/site-packages/ear_msgs/action/_plan_path.py'...\n"}
[7.492566] (ear_msgs) StdoutLine: {'line': b"Listing '/home/micka/orlsurg/ros2_ws/install/lib/python3.12/site-packages/ear_msgs/srv'...\n"}
[7.492603] (ear_msgs) StdoutLine: {'line': b"Compiling '/home/micka/orlsurg/ros2_ws/install/lib/python3.12/site-packages/ear_msgs/srv/__init__.py'...\n"}
[7.492656] (ear_msgs) StdoutLine: {'line': b"Compiling '/home/micka/orlsurg/ros2_ws/install/lib/python3.12/site-packages/ear_msgs/srv/_centerline.py'...\n"}
[7.492708] (ear_msgs) StdoutLine: {'line': b"Compiling '/home/micka/orlsurg/ros2_ws/install/lib/python3.12/site-packages/ear_msgs/srv/_register.py'...\n"}
[7.492746] (ear_msgs) StdoutLine: {'line': b"Compiling '/home/micka/orlsurg/ros2_ws/install/lib/python3.12/site-packages/ear_msgs/srv/_segment_ear.py'...\n"}
[7.497362] (ear_msgs) StdoutLine: {'line': b'-- Installing: /home/micka/orlsurg/ros2_ws/install/lib/python3.12/site-packages/ear_msgs/ear_msgs_s__rosidl_typesupport_fastrtps_c.so\n'}
[7.497919] (ear_msgs) StdoutLine: {'line': b'-- Set non-toolchain portion of runtime path of "/home/micka/orlsurg/ros2_ws/install/lib/python3.12/site-packages/ear_msgs/ear_msgs_s__rosidl_typesupport_fastrtps_c.so" to ""\n'}
[7.498216] (ear_msgs) StdoutLine: {'line': b'-- Installing: /home/micka/orlsurg/ros2_ws/install/lib/python3.12/site-packages/ear_msgs/ear_msgs_s__rosidl_typesupport_introspection_c.so\n'}
[7.498898] (ear_msgs) StdoutLine: {'line': b'-- Set non-toolchain portion of runtime path of "/home/micka/orlsurg/ros2_ws/install/lib/python3.12/site-packages/ear_msgs/ear_msgs_s__rosidl_typesupport_introspection_c.so" to ""\n'}
[7.499143] (ear_msgs) StdoutLine: {'line': b'-- Installing: /home/micka/orlsurg/ros2_ws/install/lib/python3.12/site-packages/ear_msgs/ear_msgs_s__rosidl_typesupport_c.so\n'}
[7.499655] (ear_msgs) StdoutLine: {'line': b'-- Set non-toolchain portion of runtime path of "/home/micka/orlsurg/ros2_ws/install/lib/python3.12/site-packages/ear_msgs/ear_msgs_s__rosidl_typesupport_c.so" to ""\n'}
[7.499839] (ear_msgs) StdoutLine: {'line': b'-- Installing: /home/micka/orlsurg/ros2_ws/install/lib/libear_msgs__rosidl_generator_py.so\n'}
[7.500375] (ear_msgs) StdoutLine: {'line': b'-- Set non-toolchain portion of runtime path of "/home/micka/orlsurg/ros2_ws/install/lib/libear_msgs__rosidl_generator_py.so" to ""\n'}
[7.500541] (ear_msgs) StdoutLine: {'line': b'-- Installing: /home/micka/orlsurg/ros2_ws/install/share/ear_msgs/srv/SegmentEar.idl\n'}
[7.500709] (ear_msgs) StdoutLine: {'line': b'-- Installing: /home/micka/orlsurg/ros2_ws/install/share/ear_msgs/srv/Centerline.idl\n'}
[7.500834] (ear_msgs) StdoutLine: {'line': b'-- Installing: /home/micka/orlsurg/ros2_ws/install/share/ear_msgs/srv/Register.idl\n'}
[7.501032] (ear_msgs) StdoutLine: {'line': b'-- Installing: /home/micka/orlsurg/ros2_ws/install/share/ear_msgs/action/PlanPath.idl\n'}
[7.501221] (ear_msgs) StdoutLine: {'line': b'-- Installing: /home/micka/orlsurg/ros2_ws/install/share/ear_msgs/srv/SegmentEar.srv\n'}
[7.501421] (ear_msgs) StdoutLine: {'line': b'-- Installing: /home/micka/orlsurg/ros2_ws/install/share/ear_msgs/srv/Centerline.srv\n'}
[7.501629] (ear_msgs) StdoutLine: {'line': b'-- Installing: /home/micka/orlsurg/ros2_ws/install/share/ear_msgs/srv/Register.srv\n'}
[7.501814] (ear_msgs) StdoutLine: {'line': b'-- Installing: /home/micka/orlsurg/ros2_ws/install/share/ear_msgs/action/PlanPath.action\n'}
[7.502004] (ear_msgs) StdoutLine: {'line': b'-- Installing: /home/micka/orlsurg/ros2_ws/install/share/ear_msgs/package.xml\n'}
[7.502185] (ear_msgs) StdoutLine: {'line': b'-- Up-to-date: /home/micka/orlsurg/ros2_ws/install/share/ament_index/resource_index/packages\n'}
[7.502302] (ear_msgs) StdoutLine: {'line': b'-- Installing: /home/micka/orlsurg/ros2_ws/install/share/ament_index/resource_index/packages/ear_msgs\n'}
[7.502436] (ear_msgs) StdoutLine: {'line': b'-- Installing: /home/micka/orlsurg/ros2_ws/install/share/ament_index/resource_index/package_run_dependencies/ear_msgs\n'}
[7.502609] (ear_msgs) StdoutLine: {'line': b'-- Installing: /home/micka/orlsurg/ros2_ws/install/share/ament_index/resource_index/parent_prefix_path/ear_msgs\n'}
[7.502765] (ear_msgs) StdoutLine: {'line': b'-- Installing: /home/micka/orlsurg/ros2_ws/install/share/ear_msgs/environment/ament_prefix_path.sh\n'}
[7.502930] (ear_msgs) StdoutLine: {'line': b'-- Installing: /home/micka/orlsurg/ros2_ws/install/share/ear_msgs/environment/ament_prefix_path.dsv\n'}
[7.503096] (ear_msgs) StdoutLine: {'line': b'-- Installing: /home/micka/orlsurg/ros2_ws/install/share/ear_msgs/environment/path.sh\n'}
[7.503249] (ear_msgs) StdoutLine: {'line': b'-- Installing: /home/micka/orlsurg/ros2_ws/install/share/ear_msgs/environment/path.dsv\n'}
[7.503397] (ear_msgs) StdoutLine: {'line': b'-- Installing: /home/micka/orlsurg/ros2_ws/install/share/ear_msgs/local_setup.bash\n'}
[7.503551] (ear_msgs) StdoutLine: {'line': b'-- Installing: /home/micka/orlsurg/ros2_ws/install/share/ear_msgs/local_setup.sh\n'}
[7.503727] (ear_msgs) StdoutLine: {'line': b'-- Installing: /home/micka/orlsurg/ros2_ws/install/share/ear_msgs/local_setup.zsh\n'}
[7.503866] (ear_msgs) StdoutLine: {'line': b'-- Installing: /home/micka/orlsurg/ros2_ws/install/share/ear_msgs/local_setup.dsv\n'}
[7.504033] (ear_msgs) StdoutLine: {'line': b'-- Installing: /home/micka/orlsurg/ros2_ws/install/share/ear_msgs/package.dsv\n'}
[7.504209] (ear_msgs) StdoutLine: {'line': b'-- Installing: /home/micka/orlsurg/ros2_ws/install/share/ament_index/resource_index/packages/ear_msgs\n'}
[7.504778] (ear_msgs) StdoutLine: {'line': b'-- Installing: /home/micka/orlsurg/ros2_ws/install/share/ear_msgs/cmake/export_ear_msgs__rosidl_generator_cExport.cmake\n'}
[7.504950] (ear_msgs) StdoutLine: {'line': b'-- Installing: /home/micka/orlsurg/ros2_ws/install/share/ear_msgs/cmake/export_ear_msgs__rosidl_generator_cExport-noconfig.cmake\n'}
[7.505121] (ear_msgs) StdoutLine: {'line': b'-- Installing: /home/micka/orlsurg/ros2_ws/install/share/ear_msgs/cmake/export_ear_msgs__rosidl_typesupport_fastrtps_cExport.cmake\n'}
[7.505278] (ear_msgs) StdoutLine: {'line': b'-- Installing: /home/micka/orlsurg/ros2_ws/install/share/ear_msgs/cmake/export_ear_msgs__rosidl_typesupport_fastrtps_cExport-noconfig.cmake\n'}
[7.505467] (ear_msgs) StdoutLine: {'line': b'-- Installing: /home/micka/orlsurg/ros2_ws/install/share/ear_msgs/cmake/ear_msgs__rosidl_typesupport_introspection_cExport.cmake\n'}
[7.505642] (ear_msgs) StdoutLine: {'line': b'-- Installing: /home/micka/orlsurg/ros2_ws/install/share/ear_msgs/cmake/ear_msgs__rosidl_typesupport_introspection_cExport-noconfig.cmake\n'}
[7.505802] (ear_msgs) StdoutLine: {'line': b'-- Installing: /home/micka/orlsurg/ros2_ws/install/share/ear_msgs/cmake/ear_msgs__rosidl_typesupport_cExport.cmake\n'}
[7.505989] (ear_msgs) StdoutLine: {'line': b'-- Installing: /home/micka/orlsurg/ros2_ws/install/share/ear_msgs/cmake/ear_msgs__rosidl_typesupport_cExport-noconfig.cmake\n'}
[7.506138] (ear_msgs) StdoutLine: {'line': b'-- Installing: /home/micka/orlsurg/ros2_ws/install/share/ear_msgs/cmake/export_ear_msgs__rosidl_generator_cppExport.cmake\n'}
[7.506306] (ear_msgs) StdoutLine: {'line': b'-- Installing: /home/micka/orlsurg/ros2_ws/install/share/ear_msgs/cmake/export_ear_msgs__rosidl_typesupport_fastrtps_cppExport.cmake\n'}
[7.506452] (ear_msgs) StdoutLine: {'line': b'-- Installing: /home/micka/orlsurg/ros2_ws/install/share/ear_msgs/cmake/export_ear_msgs__rosidl_typesupport_fastrtps_cppExport-noconfig.cmake\n'}
[7.506639] (ear_msgs) StdoutLine: {'line': b'-- Installing: /home/micka/orlsurg/ros2_ws/install/share/ear_msgs/cmake/ear_msgs__rosidl_typesupport_introspection_cppExport.cmake\n'}
[7.506791] (ear_msgs) StdoutLine: {'line': b'-- Installing: /home/micka/orlsurg/ros2_ws/install/share/ear_msgs/cmake/ear_msgs__rosidl_typesupport_introspection_cppExport-noconfig.cmake\n'}
[7.506954] (ear_msgs) StdoutLine: {'line': b'-- Installing: /home/micka/orlsurg/ros2_ws/install/share/ear_msgs/cmake/ear_msgs__rosidl_typesupport_cppExport.cmake\n'}
[7.507115] (ear_msgs) StdoutLine: {'line': b'-- Installing: /home/micka/orlsurg/ros2_ws/install/share/ear_msgs/cmake/ear_msgs__rosidl_typesupport_cppExport-noconfig.cmake\n'}
[7.507304] (ear_msgs) StdoutLine: {'line': b'-- Installing: /home/micka/orlsurg/ros2_ws/install/share/ear_msgs/cmake/export_ear_msgs__rosidl_generator_pyExport.cmake\n'}
[7.507458] (ear_msgs) StdoutLine: {'line': b'-- Installing: /home/micka/orlsurg/ros2_ws/install/share/ear_msgs/cmake/export_ear_msgs__rosidl_generator_pyExport-noconfig.cmake\n'}
[7.507731] (ear_msgs) StdoutLine: {'line': b'-- Installing: /home/micka/orlsurg/ros2_ws/install/share/ear_msgs/cmake/rosidl_cmake-extras.cmake\n'}
[7.507857] (ear_msgs) StdoutLine: {'line': b'-- Installing: /home/micka/orlsurg/ros2_ws/install/share/ear_msgs/cmake/ament_cmake_export_dependencies-extras.cmake\n'}
[7.508048] (ear_msgs) StdoutLine: {'line': b'-- Installing: /home/micka/orlsurg/ros2_ws/install/share/ear_msgs/cmake/ament_cmake_export_include_directories-extras.cmake\n'}
[7.508186] (ear_msgs) StdoutLine: {'line': b'-- Installing: /home/micka/orlsurg/ros2_ws/install/share/ear_msgs/cmake/ament_cmake_export_libraries-extras.cmake\n'}
[7.508359] (ear_msgs) StdoutLine: {'line': b'-- Installing: /home/micka/orlsurg/ros2_ws/install/share/ear_msgs/cmake/ament_cmake_export_targets-extras.cmake\n'}
[7.508510] (ear_msgs) StdoutLine: {'line': b'-- Installing: /home/micka/orlsurg/ros2_ws/install/share/ear_msgs/cmake/rosidl_cmake_export_typesupport_targets-extras.cmake\n'}
[7.508697] (ear_msgs) StdoutLine: {'line': b'-- Installing: /home/micka/orlsurg/ros2_ws/install/share/ear_msgs/cmake/rosidl_cmake_export_typesupport_libraries-extras.cmake\n'}
[7.508860] (ear_msgs) StdoutLine: {'line': b'-- Installing: /home/micka/orlsurg/ros2_ws/install/share/ear_msgs/cmake/ear_msgsConfig.cmake\n'}
[7.508996] (ear_msgs) StdoutLine: {'line': b'-- Installing: /home/micka/orlsurg/ros2_ws/install/share/ear_msgs/cmake/ear_msgsConfig-version.cmake\n'}
[7.509149] (ear_msgs) StdoutLine: {'line': b'-- Up-to-date: /home/micka/orlsurg/ros2_ws/install/share/ear_msgs/package.xml\n'}
[7.511267] (ear_msgs) CommandEnded: {'returncode': 0}
[7.521651] (ear_msgs) JobEnded: {'identifier': 'ear_msgs', 'rc': 0}
[7.522307] (ear_planner) JobStarted: {'identifier': 'ear_planner'}
[7.525181] (ear_segmentation) JobStarted: {'identifier': 'ear_segmentation'}
[7.547712] (-) TimerEvent: {}
[7.621812] (ear_segmentation) JobProgress: {'identifier': 'ear_segmentation', 'progress': 'cmake'}
[7.623656] (ear_segmentation) Command: {'cmd': ['/usr/bin/cmake', '/home/micka/orlsurg/ros2_ws/src/ear_segmentation', '-DCATKIN_INSTALL_INTO_PREFIX_ROOT=0', '-DCATKIN_SYMLINK_INSTALL=ON', '-DCMAKE_INSTALL_PREFIX=/home/micka/orlsurg/ros2_ws/install'], 'cwd': '/home/micka/orlsurg/ros2_ws/build/ear_segmentation', 'env': OrderedDict({'LESSOPEN': '| /usr/bin/lesspipe %s', 'USER': 'micka', 'ROS_PACKAGE_PATH': '/home/micka/orlsurg/ros2_ws/install/share', 'SHLVL': '1', 'LD_LIBRARY_PATH': '/home/micka/orlsurg/ros2_ws/install/lib:/opt/ros/jazzy/opt/rviz_ogre_vendor/lib:/opt/ros/jazzy/lib/x86_64-linux-gnu:/opt/ros/jazzy/opt/gz_math_vendor/lib:/opt/ros/jazzy/opt/gz_utils_vendor/lib:/opt/ros/jazzy/opt/gz_cmake_vendor/lib:/opt/ros/jazzy/lib', 'MOTD_SHOWN': 'update-motd', 'HOME': '/home/micka', 'OLDPWD': '/home/micka/orlsurg/ros2_ws', 'ROS_PYTHON_VERSION': '3', 'DBUS_SESSION_BUS_ADDRESS': 'unix:path=/run/user/1000/bus', 'WSL_DISTRO_NAME': 'Ubuntu-24.04', 'WAYLAND_DISPLAY': 'wayland-0', 'COLCON_PREFIX_PATH': '/home/micka/orlsurg/ros2_ws/install', 'ROS_DISTRO': 'jazzy', 'LOGNAME': 'micka', 'NAME': 'DESKTOP-5DTC4N1', 'WSL_INTEROP': '/run/WSL/608_interop', 'PULSE_SERVER': 'unix:/mnt/wslg/PulseServer', '_': '/usr/bin/colcon', 'ROS_VERSION': '2', 'PKG_CONFIG_PATH': '/home/micka/orlsurg/ros2_ws/install/lib/x86_64-linux-gnu/pkgconfig:/home/micka/orlsurg/ros2_ws/install/lib/pkgconfig', 'TERM': 'xterm-256color', 'RMW_FASTRTPS_USE_SHM': '0', 'PATH': '/opt/ros/jazzy/bin:/usr/local/sbin:/usr/local/bin:/usr/sbin:/usr/bin:/sbin:/bin:/usr/games:/usr/local/games:/usr/lib/wsl/lib:/mnt/c/Program Files/WindowsApps/MicrosoftCorporationII.WindowsSubsystemForLinux_2.6.1.0_x64__8wekyb3d8bbwe:/mnt/c/Program Files (x86)/Common Files/Oracle/Java/java8path:/mnt/c/Program Files (x86)/Common Files/Oracle/Java/javapath:/mnt/c/Program Files (x86)/VMware/VMware Workstation/bin/:/mnt/c/WINDOWS/system32:/mnt/c/WINDOWS:/mnt/c/WINDOWS/System32/Wbem:/mnt/c/WINDOWS/System32/WindowsPowerShell/v1.0/:/mnt/c/WINDOWS/System32/OpenSSH/:/mnt/c/Program Files/dotnet/:/mnt/c/Program Files/MATLAB/R2023b/runtime/win64:/mnt/c/Program Files/MATLAB/R2023b/bin:/mnt/c/Program Files/Microsoft SQL Server/150/Tools/Binn/:/mnt/c/Program Files/Microsoft SQL Server/Client SDK/ODBC/170/Tools/Binn/:/mnt/c/Program Files (x86)/Windows Kits/10/Windows Performance Toolkit/:/mnt/c/Program Files/Git/cmd:/mnt/c/Program Files/Docker/Docker/resources/bin:/mnt/c/Users/Micka/AppData/Local/Microsoft/WindowsApps:/mnt/c/Users/Micka/AppData/Local/Programs/Microsoft VS Code/bin:/mnt/c/Users/Micka/.dotnet/tools:/snap/bin', 'XDG_RUNTIME_DIR': '/run/user/1000/', 'DISPLAY': ':0', 'LANG': 'C.UTF-8', 'LS_COLORS': 'rs=0:di=01;34:ln=01;36:mh=00:pi=40;33:so=01;35:do=01;35:bd=40;33;01:cd=40;33;01:or=40;31;01:mi=00:su=37;41:sg=30;43:ca=00:tw=30;42:ow=34;42:st=37;44:ex=01;32:*.tar=01;31:*.tgz=01;31:*.arc=01;31:*.arj=01;31:*.taz=01;31:*.lha=01;31:*.lz4=01;31:*.lzh=01;31:*.lzma=01;31:*.tlz=01;31:*.txz=01;31:*.tzo=01;31:*.t7z=01;31:*.zip=01;31:*.z=01;31:*.dz=01;31:*.gz=01;31:*.lrz=01;31:*.lz=01;31:*.lzo=01;31:*.xz=01;31:*.zst=01;31:*.tzst=01;31:*.bz2=01;31:*.bz=01;31:*.tbz=01;31:*.tbz2=01;31:*.tz=01;31:*.deb=01;31:*.rpm=01;31:*.jar=01;31:*.war=01;31:*.ear=01;31:*.sar=01;31:*.rar=01;31:*.alz=01;31:*.ace=01;31:*.zoo=01;31:*.cpio=01;31:*.7z=01;31:*.rz=01;31:*.cab=01;31:*.wim=01;31:*.swm=01;31:*.dwm=01;31:*.esd=01;31:*.avif=01;35:*.jpg=01;35:*.jpeg=01;35:*.mjpg=01;35:*.mjpeg=01;35:*.gif=01;35:*.bmp=01;35:*.pbm=01;35:*.pgm=01;35:*.ppm=01;35:*.tga=01;35:*.xbm=01;35:*.xpm=01;35:*.tif=01;35:*.tiff=01;35:*.png=01;35:*.svg=01;35:*.svgz=01;35:*.mng=01;35:*.pcx=01;35:*.mov=01;35:*.mpg=01;35:*.mpeg=01;35:*.m2v=01;35:*.mkv=01;35:*.webm=01;35:*.webp=01;35:*.ogm=01;35:*.mp4=01;35:*.m4v=01;35:*.mp4v=01;35:*.vob=01;35:*.qt=01;35:*.nuv=01;35:*.wmv=01;35:*.asf=01;35:*.rm=01;35:*.rmvb=01;35:*.flc=01;35:*.avi=01;35:*.fli=01;35:*.flv=01;35:*.gl=01;35:*.dl=01;35:*.xcf=01;35:*.xwd=01;35:*.yuv=01;35:*.cgm=01;35:*.emf=01;35:*.ogv=01;35:*.ogx=01;35:*.aac=00;36:*.au=00;36:*.flac=00;36:*.m4a=00;36:*.mid=00;36:*.midi=00;36:*.mka=00;36:*.mp3=00;36:*.mpc=00;36:*.ogg=00;36:*.ra=00;36:*.wav=00;36:*.oga=00;36:*.opus=00;36:*.spx=00;36:*.xspf=00;36:*~=00;90:*#=00;90:*.bak=00;90:*.crdownload=00;90:*.dpkg-dist=00;90:*.dpkg-new=00;90:*.dpkg-old=00;90:*.dpkg-tmp=00;90:*.old=00;90:*.orig=00;90:*.part=00;90:*.rej=00;90:*.rpmnew=00;90:*.rpmorig=00;90:*.rpmsave=00;90:*.swp=00;90:*.tmp=00;90:*.ucf-dist=00;90:*.ucf-new=00;90:*.ucf-old=00;90:', 'AMENT_PREFIX_PATH': '/opt/ros/jazzy', 'SHELL': '/bin/bash', 'LESSCLOSE': '/usr/bin/lesspipe %s %s', 'ROS_AUTOMATIC_DISCOVERY_RANGE': 'SUBNET', 'PWD': '/home/micka/orlsurg/ros2_ws/build/ear_segmentation', 'XDG_DATA_DIRS': '/usr/local/share:/usr/share:/var/lib/snapd/desktop', 'PYTHONPATH': '/home/micka/orlsurg/ros2_ws/install/lib/python3.12/site-packages:/opt/ros/jazzy/lib/python3.12/site-packages', 'COLCON': '1', 'WSL2_GUI_APPS_ENABLED': '1', 'HOSTTYPE': 'x86_64', 'CMAKE_PREFIX_PATH': '/home/micka/orlsurg/ros2_ws/install:/opt/ros/jazzy/opt/gz_math_vendor:/opt/ros/jazzy/opt/gz_utils_vendor:/opt/ros/jazzy/opt/gz_cmake_vendor', 'WSLENV': ''}), 'shell': False}
[7.625159] (ear_planner) JobProgress: {'identifier': 'ear_planner', 'progress': 'cmake'}
[7.626475] (ear_planner) Command: {'cmd': ['/usr/bin/cmake', '/home/micka/orlsurg/ros2_ws/src/ear_planner', '-DCATKIN_INSTALL_INTO_PREFIX_ROOT=0', '-DCATKIN_SYMLINK_INSTALL=ON', '-DCMAKE_INSTALL_PREFIX=/home/micka/orlsurg/ros2_ws/install'], 'cwd': '/home/micka/orlsurg/ros2_ws/build/ear_planner', 'env': OrderedDict({'LESSOPEN': '| /usr/bin/lesspipe %s', 'USER': 'micka', 'ROS_PACKAGE_PATH': '/home/micka/orlsurg/ros2_ws/install/share', 'SHLVL': '1', 'LD_LIBRARY_PATH': '/home/micka/orlsurg/ros2_ws/install/lib:/opt/ros/jazzy/opt/rviz_ogre_vendor/lib:/opt/ros/jazzy/lib/x86_64-linux-gnu:/opt/ros/jazzy/opt/gz_math_vendor/lib:/opt/ros/jazzy/opt/gz_utils_vendor/lib:/opt/ros/jazzy/opt/gz_cmake_vendor/lib:/opt/ros/jazzy/lib', 'MOTD_SHOWN': 'update-motd', 'HOME': '/home/micka', 'OLDPWD': '/home/micka/orlsurg/ros2_ws', 'ROS_PYTHON_VERSION': '3', 'DBUS_SESSION_BUS_ADDRESS': 'unix:path=/run/user/1000/bus', 'WSL_DISTRO_NAME': 'Ubuntu-24.04', 'WAYLAND_DISPLAY': 'wayland-0', 'COLCON_PREFIX_PATH': '/home/micka/orlsurg/ros2_ws/install', 'ROS_DISTRO': 'jazzy', 'LOGNAME': 'micka', 'NAME': 'DESKTOP-5DTC4N1', 'WSL_INTEROP': '/run/WSL/608_interop', 'PULSE_SERVER': 'unix:/mnt/wslg/PulseServer', '_': '/usr/bin/colcon', 'ROS_VERSION': '2', 'PKG_CONFIG_PATH': '/home/micka/orlsurg/ros2_ws/install/lib/x86_64-linux-gnu/pkgconfig:/home/micka/orlsurg/ros2_ws/install/lib/pkgconfig', 'TERM': 'xterm-256color', 'RMW_FASTRTPS_USE_SHM': '0', 'PATH': '/opt/ros/jazzy/bin:/usr/local/sbin:/usr/local/bin:/usr/sbin:/usr/bin:/sbin:/bin:/usr/games:/usr/local/games:/usr/lib/wsl/lib:/mnt/c/Program Files/WindowsApps/MicrosoftCorporationII.WindowsSubsystemForLinux_2.6.1.0_x64__8wekyb3d8bbwe:/mnt/c/Program Files (x86)/Common Files/Oracle/Java/java8path:/mnt/c/Program Files (x86)/Common Files/Oracle/Java/javapath:/mnt/c/Program Files (x86)/VMware/VMware Workstation/bin/:/mnt/c/WINDOWS/system32:/mnt/c/WINDOWS:/mnt/c/WINDOWS/System32/Wbem:/mnt/c/WINDOWS/System32/WindowsPowerShell/v1.0/:/mnt/c/WINDOWS/System32/OpenSSH/:/mnt/c/Program Files/dotnet/:/mnt/c/Program Files/MATLAB/R2023b/runtime/win64:/mnt/c/Program Files/MATLAB/R2023b/bin:/mnt/c/Program Files/Microsoft SQL Server/150/Tools/Binn/:/mnt/c/Program Files/Microsoft SQL Server/Client SDK/ODBC/170/Tools/Binn/:/mnt/c/Program Files (x86)/Windows Kits/10/Windows Performance Toolkit/:/mnt/c/Program Files/Git/cmd:/mnt/c/Program Files/Docker/Docker/resources/bin:/mnt/c/Users/Micka/AppData/Local/Microsoft/WindowsApps:/mnt/c/Users/Micka/AppData/Local/Programs/Microsoft VS Code/bin:/mnt/c/Users/Micka/.dotnet/tools:/snap/bin', 'XDG_RUNTIME_DIR': '/run/user/1000/', 'DISPLAY': ':0', 'LANG': 'C.UTF-8', 'LS_COLORS': 'rs=0:di=01;34:ln=01;36:mh=00:pi=40;33:so=01;35:do=01;35:bd=40;33;01:cd=40;33;01:or=40;31;01:mi=00:su=37;41:sg=30;43:ca=00:tw=30;42:ow=34;42:st=37;44:ex=01;32:*.tar=01;31:*.tgz=01;31:*.arc=01;31:*.arj=01;31:*.taz=01;31:*.lha=01;31:*.lz4=01;31:*.lzh=01;31:*.lzma=01;31:*.tlz=01;31:*.txz=01;31:*.tzo=01;31:*.t7z=01;31:*.zip=01;31:*.z=01;31:*.dz=01;31:*.gz=01;31:*.lrz=01;31:*.lz=01;31:*.lzo=01;31:*.xz=01;31:*.zst=01;31:*.tzst=01;31:*.bz2=01;31:*.bz=01;31:*.tbz=01;31:*.tbz2=01;31:*.tz=01;31:*.deb=01;31:*.rpm=01;31:*.jar=01;31:*.war=01;31:*.ear=01;31:*.sar=01;31:*.rar=01;31:*.alz=01;31:*.ace=01;31:*.zoo=01;31:*.cpio=01;31:*.7z=01;31:*.rz=01;31:*.cab=01;31:*.wim=01;31:*.swm=01;31:*.dwm=01;31:*.esd=01;31:*.avif=01;35:*.jpg=01;35:*.jpeg=01;35:*.mjpg=01;35:*.mjpeg=01;35:*.gif=01;35:*.bmp=01;35:*.pbm=01;35:*.pgm=01;35:*.ppm=01;35:*.tga=01;35:*.xbm=01;35:*.xpm=01;35:*.tif=01;35:*.tiff=01;35:*.png=01;35:*.svg=01;35:*.svgz=01;35:*.mng=01;35:*.pcx=01;35:*.mov=01;35:*.mpg=01;35:*.mpeg=01;35:*.m2v=01;35:*.mkv=01;35:*.webm=01;35:*.webp=01;35:*.ogm=01;35:*.mp4=01;35:*.m4v=01;35:*.mp4v=01;35:*.vob=01;35:*.qt=01;35:*.nuv=01;35:*.wmv=01;35:*.asf=01;35:*.rm=01;35:*.rmvb=01;35:*.flc=01;35:*.avi=01;35:*.fli=01;35:*.flv=01;35:*.gl=01;35:*.dl=01;35:*.xcf=01;35:*.xwd=01;35:*.yuv=01;35:*.cgm=01;35:*.emf=01;35:*.ogv=01;35:*.ogx=01;35:*.aac=00;36:*.au=00;36:*.flac=00;36:*.m4a=00;36:*.mid=00;36:*.midi=00;36:*.mka=00;36:*.mp3=00;36:*.mpc=00;36:*.ogg=00;36:*.ra=00;36:*.wav=00;36:*.oga=00;36:*.opus=00;36:*.spx=00;36:*.xspf=00;36:*~=00;90:*#=00;90:*.bak=00;90:*.crdownload=00;90:*.dpkg-dist=00;90:*.dpkg-new=00;90:*.dpkg-old=00;90:*.dpkg-tmp=00;90:*.old=00;90:*.orig=00;90:*.part=00;90:*.rej=00;90:*.rpmnew=00;90:*.rpmorig=00;90:*.rpmsave=00;90:*.swp=00;90:*.tmp=00;90:*.ucf-dist=00;90:*.ucf-new=00;90:*.ucf-old=00;90:', 'AMENT_PREFIX_PATH': '/opt/ros/jazzy', 'SHELL': '/bin/bash', 'LESSCLOSE': '/usr/bin/lesspipe %s %s', 'ROS_AUTOMATIC_DISCOVERY_RANGE': 'SUBNET', 'PWD': '/home/micka/orlsurg/ros2_ws/build/ear_planner', 'XDG_DATA_DIRS': '/usr/local/share:/usr/share:/var/lib/snapd/desktop', 'PYTHONPATH': '/home/micka/orlsurg/ros2_ws/install/lib/python3.12/site-packages:/opt/ros/jazzy/lib/python3.12/site-packages', 'COLCON': '1', 'WSL2_GUI_APPS_ENABLED': '1', 'HOSTTYPE': 'x86_64', 'CMAKE_PREFIX_PATH': '/home/micka/orlsurg/ros2_ws/install:/opt/ros/jazzy/opt/gz_math_vendor:/opt/ros/jazzy/opt/gz_utils_vendor:/opt/ros/jazzy/opt/gz_cmake_vendor', 'WSLENV': ''}), 'shell': False}
[7.647995] (-) TimerEvent: {}
[7.699986] (ear_planner) StdoutLine: {'line': b'-- The C compiler identification is GNU 13.3.0\n'}
[7.700276] (ear_segmentation) StdoutLine: {'line': b'-- The C compiler identification is GNU 13.3.0\n'}
[7.748114] (-) TimerEvent: {}
[7.849069] (-) TimerEvent: {}
[7.948583] (ear_planner) StdoutLine: {'line': b'-- The CXX compiler identification is GNU 13.3.0\n'}
[7.949216] (ear_segmentation) StdoutLine: {'line': b'-- The CXX compiler identification is GNU 13.3.0\n'}
[7.949308] (-) TimerEvent: {}
[8.049600] (-) TimerEvent: {}
[8.150138] (-) TimerEvent: {}
[8.182268] (ear_segmentation) StdoutLine: {'line': b'-- Detecting C compiler ABI info\n'}
[8.182486] (ear_planner) StdoutLine: {'line': b'-- Detecting C compiler ABI info\n'}
[8.250385] (-) TimerEvent: {}
[8.310870] (ear_planner) StdoutLine: {'line': b'-- Detecting C compiler ABI info - done\n'}
[8.311237] (ear_segmentation) StdoutLine: {'line': b'-- Detecting C compiler ABI info - done\n'}
[8.318006] (ear_segmentation) StdoutLine: {'line': b'-- Check for working C compiler: /usr/bin/cc - skipped\n'}
[8.318253] (ear_segmentation) StdoutLine: {'line': b'-- Detecting C compile features\n'}
[8.318319] (ear_planner) StdoutLine: {'line': b'-- Check for working C compiler: /usr/bin/cc - skipped\n'}
[8.318421] (ear_planner) StdoutLine: {'line': b'-- Detecting C compile features\n'}
[8.318556] (ear_segmentation) StdoutLine: {'line': b'-- Detecting C compile features - done\n'}
[8.318690] (ear_planner) StdoutLine: {'line': b'-- Detecting C compile features - done\n'}
[8.350678] (-) TimerEvent: {}
[8.351049] (ear_segmentation) StdoutLine: {'line': b'-- Detecting CXX compiler ABI info\n'}
[8.351253] (ear_planner) StdoutLine: {'line': b'-- Detecting CXX compiler ABI info\n'}
[8.450946] (-) TimerEvent: {}
[8.492863] (ear_segmentation) StdoutLine: {'line': b'-- Detecting CXX compiler ABI info - done\n'}
[8.493881] (ear_planner) StdoutLine: {'line': b'-- Detecting CXX compiler ABI info - done\n'}
[8.499508] (ear_segmentation) StdoutLine: {'line': b'-- Check for working CXX compiler: /usr/bin/c++ - skipped\n'}
[8.499739] (ear_segmentation) StdoutLine: {'line': b'-- Detecting CXX compile features\n'}
[8.500102] (ear_segmentation) StdoutLine: {'line': b'-- Detecting CXX compile features - done\n'}
[8.500411] (ear_planner) StdoutLine: {'line': b'-- Check for working CXX compiler: /usr/bin/c++ - skipped\n'}
[8.500609] (ear_planner) StdoutLine: {'line': b'-- Detecting CXX compile features\n'}
[8.500928] (ear_planner) StdoutLine: {'line': b'-- Detecting CXX compile features - done\n'}
[8.502730] (ear_segmentation) StdoutLine: {'line': b'-- Found ament_cmake: 2.5.4 (/opt/ros/jazzy/share/ament_cmake/cmake)\n'}
[8.502903] (ear_planner) StdoutLine: {'line': b'-- Found ament_cmake: 2.5.4 (/opt/ros/jazzy/share/ament_cmake/cmake)\n'}
[8.551258] (-) TimerEvent: {}
[8.614642] (ear_planner) StdoutLine: {'line': b'-- Found Python3: /usr/bin/python3 (found version "3.12.3") found components: Interpreter \n'}
[8.615244] (ear_segmentation) StdoutLine: {'line': b'-- Found Python3: /usr/bin/python3 (found version "3.12.3") found components: Interpreter \n'}
[8.651744] (-) TimerEvent: {}
[8.691675] (ear_planner) StdoutLine: {'line': b'-- Found rclpy: 7.1.5 (/opt/ros/jazzy/share/rclpy/cmake)\n'}
[8.691885] (ear_segmentation) StdoutLine: {'line': b'-- Found rclpy: 7.1.5 (/opt/ros/jazzy/share/rclpy/cmake)\n'}
[8.692836] (ear_planner) StdoutLine: {'line': b'-- Found geometry_msgs: 5.3.6 (/opt/ros/jazzy/share/geometry_msgs/cmake)\n'}
[8.751865] (-) TimerEvent: {}
[8.787087] (ear_planner) StdoutLine: {'line': b'-- Found rosidl_generator_c: 4.6.6 (/opt/ros/jazzy/share/rosidl_generator_c/cmake)\n'}
[8.802166] (ear_planner) StdoutLine: {'line': b'-- Found rosidl_generator_cpp: 4.6.6 (/opt/ros/jazzy/share/rosidl_generator_cpp/cmake)\n'}
[8.818707] (ear_planner) StdoutLine: {'line': b'-- Using all available rosidl_typesupport_c: rosidl_typesupport_fastrtps_c;rosidl_typesupport_introspection_c\n'}
[8.834074] (ear_planner) StdoutLine: {'line': b'-- Using all available rosidl_typesupport_cpp: rosidl_typesupport_fastrtps_cpp;rosidl_typesupport_introspection_cpp\n'}
[8.846492] (ear_segmentation) StdoutLine: {'line': b'-- Configuring done (1.2s)\n'}
[8.852146] (-) TimerEvent: {}
[8.855761] (ear_segmentation) StdoutLine: {'line': b'-- Generating done (0.0s)\n'}
[8.856492] (ear_segmentation) StderrLine: {'line': b'\x1b[33mCMake Warning:\n'}
[8.856585] (ear_segmentation) StderrLine: {'line': b'  Manually-specified variables were not used by the project:\n'}
[8.856634] (ear_segmentation) StderrLine: {'line': b'\n'}
[8.856674] (ear_segmentation) StderrLine: {'line': b'    CATKIN_INSTALL_INTO_PREFIX_ROOT\n'}
[8.856722] (ear_segmentation) StderrLine: {'line': b'    CATKIN_SYMLINK_INSTALL\n'}
[8.856760] (ear_segmentation) StderrLine: {'line': b'\n'}
[8.856797] (ear_segmentation) StderrLine: {'line': b'\x1b[0m\n'}
[8.857991] (ear_segmentation) StdoutLine: {'line': b'-- Build files have been written to: /home/micka/orlsurg/ros2_ws/build/ear_segmentation\n'}
[8.862833] (ear_segmentation) CommandEnded: {'returncode': 0}
[8.863200] (ear_segmentation) JobProgress: {'identifier': 'ear_segmentation', 'progress': 'build'}
[8.863344] (ear_segmentation) Command: {'cmd': ['/usr/bin/cmake', '--build', '/home/micka/orlsurg/ros2_ws/build/ear_segmentation', '--', '-j12', '-l12'], 'cwd': '/home/micka/orlsurg/ros2_ws/build/ear_segmentation', 'env': OrderedDict({'LESSOPEN': '| /usr/bin/lesspipe %s', 'USER': 'micka', 'ROS_PACKAGE_PATH': '/home/micka/orlsurg/ros2_ws/install/share', 'SHLVL': '1', 'LD_LIBRARY_PATH': '/home/micka/orlsurg/ros2_ws/install/lib:/opt/ros/jazzy/opt/rviz_ogre_vendor/lib:/opt/ros/jazzy/lib/x86_64-linux-gnu:/opt/ros/jazzy/opt/gz_math_vendor/lib:/opt/ros/jazzy/opt/gz_utils_vendor/lib:/opt/ros/jazzy/opt/gz_cmake_vendor/lib:/opt/ros/jazzy/lib', 'MOTD_SHOWN': 'update-motd', 'HOME': '/home/micka', 'OLDPWD': '/home/micka/orlsurg/ros2_ws', 'ROS_PYTHON_VERSION': '3', 'DBUS_SESSION_BUS_ADDRESS': 'unix:path=/run/user/1000/bus', 'WSL_DISTRO_NAME': 'Ubuntu-24.04', 'WAYLAND_DISPLAY': 'wayland-0', 'COLCON_PREFIX_PATH': '/home/micka/orlsurg/ros2_ws/install', 'ROS_DISTRO': 'jazzy', 'LOGNAME': 'micka', 'NAME': 'DESKTOP-5DTC4N1', 'WSL_INTEROP': '/run/WSL/608_interop', 'PULSE_SERVER': 'unix:/mnt/wslg/PulseServer', '_': '/usr/bin/colcon', 'ROS_VERSION': '2', 'PKG_CONFIG_PATH': '/home/micka/orlsurg/ros2_ws/install/lib/x86_64-linux-gnu/pkgconfig:/home/micka/orlsurg/ros2_ws/install/lib/pkgconfig', 'TERM': 'xterm-256color', 'RMW_FASTRTPS_USE_SHM': '0', 'PATH': '/opt/ros/jazzy/bin:/usr/local/sbin:/usr/local/bin:/usr/sbin:/usr/bin:/sbin:/bin:/usr/games:/usr/local/games:/usr/lib/wsl/lib:/mnt/c/Program Files/WindowsApps/MicrosoftCorporationII.WindowsSubsystemForLinux_2.6.1.0_x64__8wekyb3d8bbwe:/mnt/c/Program Files (x86)/Common Files/Oracle/Java/java8path:/mnt/c/Program Files (x86)/Common Files/Oracle/Java/javapath:/mnt/c/Program Files (x86)/VMware/VMware Workstation/bin/:/mnt/c/WINDOWS/system32:/mnt/c/WINDOWS:/mnt/c/WINDOWS/System32/Wbem:/mnt/c/WINDOWS/System32/WindowsPowerShell/v1.0/:/mnt/c/WINDOWS/System32/OpenSSH/:/mnt/c/Program Files/dotnet/:/mnt/c/Program Files/MATLAB/R2023b/runtime/win64:/mnt/c/Program Files/MATLAB/R2023b/bin:/mnt/c/Program Files/Microsoft SQL Server/150/Tools/Binn/:/mnt/c/Program Files/Microsoft SQL Server/Client SDK/ODBC/170/Tools/Binn/:/mnt/c/Program Files (x86)/Windows Kits/10/Windows Performance Toolkit/:/mnt/c/Program Files/Git/cmd:/mnt/c/Program Files/Docker/Docker/resources/bin:/mnt/c/Users/Micka/AppData/Local/Microsoft/WindowsApps:/mnt/c/Users/Micka/AppData/Local/Programs/Microsoft VS Code/bin:/mnt/c/Users/Micka/.dotnet/tools:/snap/bin', 'XDG_RUNTIME_DIR': '/run/user/1000/', 'DISPLAY': ':0', 'LANG': 'C.UTF-8', 'LS_COLORS': 'rs=0:di=01;34:ln=01;36:mh=00:pi=40;33:so=01;35:do=01;35:bd=40;33;01:cd=40;33;01:or=40;31;01:mi=00:su=37;41:sg=30;43:ca=00:tw=30;42:ow=34;42:st=37;44:ex=01;32:*.tar=01;31:*.tgz=01;31:*.arc=01;31:*.arj=01;31:*.taz=01;31:*.lha=01;31:*.lz4=01;31:*.lzh=01;31:*.lzma=01;31:*.tlz=01;31:*.txz=01;31:*.tzo=01;31:*.t7z=01;31:*.zip=01;31:*.z=01;31:*.dz=01;31:*.gz=01;31:*.lrz=01;31:*.lz=01;31:*.lzo=01;31:*.xz=01;31:*.zst=01;31:*.tzst=01;31:*.bz2=01;31:*.bz=01;31:*.tbz=01;31:*.tbz2=01;31:*.tz=01;31:*.deb=01;31:*.rpm=01;31:*.jar=01;31:*.war=01;31:*.ear=01;31:*.sar=01;31:*.rar=01;31:*.alz=01;31:*.ace=01;31:*.zoo=01;31:*.cpio=01;31:*.7z=01;31:*.rz=01;31:*.cab=01;31:*.wim=01;31:*.swm=01;31:*.dwm=01;31:*.esd=01;31:*.avif=01;35:*.jpg=01;35:*.jpeg=01;35:*.mjpg=01;35:*.mjpeg=01;35:*.gif=01;35:*.bmp=01;35:*.pbm=01;35:*.pgm=01;35:*.ppm=01;35:*.tga=01;35:*.xbm=01;35:*.xpm=01;35:*.tif=01;35:*.tiff=01;35:*.png=01;35:*.svg=01;35:*.svgz=01;35:*.mng=01;35:*.pcx=01;35:*.mov=01;35:*.mpg=01;35:*.mpeg=01;35:*.m2v=01;35:*.mkv=01;35:*.webm=01;35:*.webp=01;35:*.ogm=01;35:*.mp4=01;35:*.m4v=01;35:*.mp4v=01;35:*.vob=01;35:*.qt=01;35:*.nuv=01;35:*.wmv=01;35:*.asf=01;35:*.rm=01;35:*.rmvb=01;35:*.flc=01;35:*.avi=01;35:*.fli=01;35:*.flv=01;35:*.gl=01;35:*.dl=01;35:*.xcf=01;35:*.xwd=01;35:*.yuv=01;35:*.cgm=01;35:*.emf=01;35:*.ogv=01;35:*.ogx=01;35:*.aac=00;36:*.au=00;36:*.flac=00;36:*.m4a=00;36:*.mid=00;36:*.midi=00;36:*.mka=00;36:*.mp3=00;36:*.mpc=00;36:*.ogg=00;36:*.ra=00;36:*.wav=00;36:*.oga=00;36:*.opus=00;36:*.spx=00;36:*.xspf=00;36:*~=00;90:*#=00;90:*.bak=00;90:*.crdownload=00;90:*.dpkg-dist=00;90:*.dpkg-new=00;90:*.dpkg-old=00;90:*.dpkg-tmp=00;90:*.old=00;90:*.orig=00;90:*.part=00;90:*.rej=00;90:*.rpmnew=00;90:*.rpmorig=00;90:*.rpmsave=00;90:*.swp=00;90:*.tmp=00;90:*.ucf-dist=00;90:*.ucf-new=00;90:*.ucf-old=00;90:', 'AMENT_PREFIX_PATH': '/opt/ros/jazzy', 'SHELL': '/bin/bash', 'LESSCLOSE': '/usr/bin/lesspipe %s %s', 'ROS_AUTOMATIC_DISCOVERY_RANGE': 'SUBNET', 'PWD': '/home/micka/orlsurg/ros2_ws/build/ear_segmentation', 'XDG_DATA_DIRS': '/usr/local/share:/usr/share:/var/lib/snapd/desktop', 'PYTHONPATH': '/home/micka/orlsurg/ros2_ws/install/lib/python3.12/site-packages:/opt/ros/jazzy/lib/python3.12/site-packages', 'COLCON': '1', 'WSL2_GUI_APPS_ENABLED': '1', 'HOSTTYPE': 'x86_64', 'CMAKE_PREFIX_PATH': '/home/micka/orlsurg/ros2_ws/install:/opt/ros/jazzy/opt/gz_math_vendor:/opt/ros/jazzy/opt/gz_utils_vendor:/opt/ros/jazzy/opt/gz_cmake_vendor', 'WSLENV': ''}), 'shell': False}
[8.865640] (ear_planner) StdoutLine: {'line': b'-- Found nav_msgs: 5.3.6 (/opt/ros/jazzy/share/nav_msgs/cmake)\n'}
[8.891322] (ear_planner) StdoutLine: {'line': b'-- Found ear_msgs: 0.0.1 (/home/micka/orlsurg/ros2_ws/install/share/ear_msgs/cmake)\n'}
[8.919050] (ear_segmentation) StdoutLine: {'line': b'Built target ament_cmake_python_copy_ear_segmentation\n'}
[8.919227] (ear_segmentation) StdoutLine: {'line': b'Built target ament_cmake_python_copy_ear_segmentation_setup\n'}
[8.952266] (-) TimerEvent: {}
[9.052545] (-) TimerEvent: {}
[9.060089] (ear_segmentation) StdoutLine: {'line': b'running egg_info\n'}
[9.060645] (ear_segmentation) StdoutLine: {'line': b'creating ear_segmentation.egg-info\n'}
[9.071881] (ear_segmentation) StdoutLine: {'line': b'writing ear_segmentation.egg-info/PKG-INFO\n'}
[9.072223] (ear_segmentation) StdoutLine: {'line': b'writing dependency_links to ear_segmentation.egg-info/dependency_links.txt\n'}
[9.072355] (ear_segmentation) StdoutLine: {'line': b'writing top-level names to ear_segmentation.egg-info/top_level.txt\n'}
[9.072441] (ear_segmentation) StdoutLine: {'line': b"writing manifest file 'ear_segmentation.egg-info/SOURCES.txt'\n"}
[9.078648] (ear_planner) StdoutLine: {'line': b'-- Configuring done (1.4s)\n'}
[9.089378] (ear_planner) StdoutLine: {'line': b'-- Generating done (0.0s)\n'}
[9.090318] (ear_planner) StderrLine: {'line': b'\x1b[33mCMake Warning:\n'}
[9.090410] (ear_planner) StderrLine: {'line': b'  Manually-specified variables were not used by the project:\n'}
[9.090453] (ear_planner) StderrLine: {'line': b'\n'}
[9.090484] (ear_planner) StderrLine: {'line': b'    CATKIN_INSTALL_INTO_PREFIX_ROOT\n'}
[9.090513] (ear_planner) StderrLine: {'line': b'    CATKIN_SYMLINK_INSTALL\n'}
[9.090541] (ear_planner) StderrLine: {'line': b'\n'}
[9.090569] (ear_planner) StderrLine: {'line': b'\x1b[0m\n'}
[9.091862] (ear_planner) StdoutLine: {'line': b'-- Build files have been written to: /home/micka/orlsurg/ros2_ws/build/ear_planner\n'}
[9.098731] (ear_planner) CommandEnded: {'returncode': 0}
[9.099058] (ear_planner) JobProgress: {'identifier': 'ear_planner', 'progress': 'build'}
[9.099438] (ear_planner) Command: {'cmd': ['/usr/bin/cmake', '--build', '/home/micka/orlsurg/ros2_ws/build/ear_planner', '--', '-j12', '-l12'], 'cwd': '/home/micka/orlsurg/ros2_ws/build/ear_planner', 'env': OrderedDict({'LESSOPEN': '| /usr/bin/lesspipe %s', 'USER': 'micka', 'ROS_PACKAGE_PATH': '/home/micka/orlsurg/ros2_ws/install/share', 'SHLVL': '1', 'LD_LIBRARY_PATH': '/home/micka/orlsurg/ros2_ws/install/lib:/opt/ros/jazzy/opt/rviz_ogre_vendor/lib:/opt/ros/jazzy/lib/x86_64-linux-gnu:/opt/ros/jazzy/opt/gz_math_vendor/lib:/opt/ros/jazzy/opt/gz_utils_vendor/lib:/opt/ros/jazzy/opt/gz_cmake_vendor/lib:/opt/ros/jazzy/lib', 'MOTD_SHOWN': 'update-motd', 'HOME': '/home/micka', 'OLDPWD': '/home/micka/orlsurg/ros2_ws', 'ROS_PYTHON_VERSION': '3', 'DBUS_SESSION_BUS_ADDRESS': 'unix:path=/run/user/1000/bus', 'WSL_DISTRO_NAME': 'Ubuntu-24.04', 'WAYLAND_DISPLAY': 'wayland-0', 'COLCON_PREFIX_PATH': '/home/micka/orlsurg/ros2_ws/install', 'ROS_DISTRO': 'jazzy', 'LOGNAME': 'micka', 'NAME': 'DESKTOP-5DTC4N1', 'WSL_INTEROP': '/run/WSL/608_interop', 'PULSE_SERVER': 'unix:/mnt/wslg/PulseServer', '_': '/usr/bin/colcon', 'ROS_VERSION': '2', 'PKG_CONFIG_PATH': '/home/micka/orlsurg/ros2_ws/install/lib/x86_64-linux-gnu/pkgconfig:/home/micka/orlsurg/ros2_ws/install/lib/pkgconfig', 'TERM': 'xterm-256color', 'RMW_FASTRTPS_USE_SHM': '0', 'PATH': '/opt/ros/jazzy/bin:/usr/local/sbin:/usr/local/bin:/usr/sbin:/usr/bin:/sbin:/bin:/usr/games:/usr/local/games:/usr/lib/wsl/lib:/mnt/c/Program Files/WindowsApps/MicrosoftCorporationII.WindowsSubsystemForLinux_2.6.1.0_x64__8wekyb3d8bbwe:/mnt/c/Program Files (x86)/Common Files/Oracle/Java/java8path:/mnt/c/Program Files (x86)/Common Files/Oracle/Java/javapath:/mnt/c/Program Files (x86)/VMware/VMware Workstation/bin/:/mnt/c/WINDOWS/system32:/mnt/c/WINDOWS:/mnt/c/WINDOWS/System32/Wbem:/mnt/c/WINDOWS/System32/WindowsPowerShell/v1.0/:/mnt/c/WINDOWS/System32/OpenSSH/:/mnt/c/Program Files/dotnet/:/mnt/c/Program Files/MATLAB/R2023b/runtime/win64:/mnt/c/Program Files/MATLAB/R2023b/bin:/mnt/c/Program Files/Microsoft SQL Server/150/Tools/Binn/:/mnt/c/Program Files/Microsoft SQL Server/Client SDK/ODBC/170/Tools/Binn/:/mnt/c/Program Files (x86)/Windows Kits/10/Windows Performance Toolkit/:/mnt/c/Program Files/Git/cmd:/mnt/c/Program Files/Docker/Docker/resources/bin:/mnt/c/Users/Micka/AppData/Local/Microsoft/WindowsApps:/mnt/c/Users/Micka/AppData/Local/Programs/Microsoft VS Code/bin:/mnt/c/Users/Micka/.dotnet/tools:/snap/bin', 'XDG_RUNTIME_DIR': '/run/user/1000/', 'DISPLAY': ':0', 'LANG': 'C.UTF-8', 'LS_COLORS': 'rs=0:di=01;34:ln=01;36:mh=00:pi=40;33:so=01;35:do=01;35:bd=40;33;01:cd=40;33;01:or=40;31;01:mi=00:su=37;41:sg=30;43:ca=00:tw=30;42:ow=34;42:st=37;44:ex=01;32:*.tar=01;31:*.tgz=01;31:*.arc=01;31:*.arj=01;31:*.taz=01;31:*.lha=01;31:*.lz4=01;31:*.lzh=01;31:*.lzma=01;31:*.tlz=01;31:*.txz=01;31:*.tzo=01;31:*.t7z=01;31:*.zip=01;31:*.z=01;31:*.dz=01;31:*.gz=01;31:*.lrz=01;31:*.lz=01;31:*.lzo=01;31:*.xz=01;31:*.zst=01;31:*.tzst=01;31:*.bz2=01;31:*.bz=01;31:*.tbz=01;31:*.tbz2=01;31:*.tz=01;31:*.deb=01;31:*.rpm=01;31:*.jar=01;31:*.war=01;31:*.ear=01;31:*.sar=01;31:*.rar=01;31:*.alz=01;31:*.ace=01;31:*.zoo=01;31:*.cpio=01;31:*.7z=01;31:*.rz=01;31:*.cab=01;31:*.wim=01;31:*.swm=01;31:*.dwm=01;31:*.esd=01;31:*.avif=01;35:*.jpg=01;35:*.jpeg=01;35:*.mjpg=01;35:*.mjpeg=01;35:*.gif=01;35:*.bmp=01;35:*.pbm=01;35:*.pgm=01;35:*.ppm=01;35:*.tga=01;35:*.xbm=01;35:*.xpm=01;35:*.tif=01;35:*.tiff=01;35:*.png=01;35:*.svg=01;35:*.svgz=01;35:*.mng=01;35:*.pcx=01;35:*.mov=01;35:*.mpg=01;35:*.mpeg=01;35:*.m2v=01;35:*.mkv=01;35:*.webm=01;35:*.webp=01;35:*.ogm=01;35:*.mp4=01;35:*.m4v=01;35:*.mp4v=01;35:*.vob=01;35:*.qt=01;35:*.nuv=01;35:*.wmv=01;35:*.asf=01;35:*.rm=01;35:*.rmvb=01;35:*.flc=01;35:*.avi=01;35:*.fli=01;35:*.flv=01;35:*.gl=01;35:*.dl=01;35:*.xcf=01;35:*.xwd=01;35:*.yuv=01;35:*.cgm=01;35:*.emf=01;35:*.ogv=01;35:*.ogx=01;35:*.aac=00;36:*.au=00;36:*.flac=00;36:*.m4a=00;36:*.mid=00;36:*.midi=00;36:*.mka=00;36:*.mp3=00;36:*.mpc=00;36:*.ogg=00;36:*.ra=00;36:*.wav=00;36:*.oga=00;36:*.opus=00;36:*.spx=00;36:*.xspf=00;36:*~=00;90:*#=00;90:*.bak=00;90:*.crdownload=00;90:*.dpkg-dist=00;90:*.dpkg-new=00;90:*.dpkg-old=00;90:*.dpkg-tmp=00;90:*.old=00;90:*.orig=00;90:*.part=00;90:*.rej=00;90:*.rpmnew=00;90:*.rpmorig=00;90:*.rpmsave=00;90:*.swp=00;90:*.tmp=00;90:*.ucf-dist=00;90:*.ucf-new=00;90:*.ucf-old=00;90:', 'AMENT_PREFIX_PATH': '/opt/ros/jazzy', 'SHELL': '/bin/bash', 'LESSCLOSE': '/usr/bin/lesspipe %s %s', 'ROS_AUTOMATIC_DISCOVERY_RANGE': 'SUBNET', 'PWD': '/home/micka/orlsurg/ros2_ws/build/ear_planner', 'XDG_DATA_DIRS': '/usr/local/share:/usr/share:/var/lib/snapd/desktop', 'PYTHONPATH': '/home/micka/orlsurg/ros2_ws/install/lib/python3.12/site-packages:/opt/ros/jazzy/lib/python3.12/site-packages', 'COLCON': '1', 'WSL2_GUI_APPS_ENABLED': '1', 'HOSTTYPE': 'x86_64', 'CMAKE_PREFIX_PATH': '/home/micka/orlsurg/ros2_ws/install:/opt/ros/jazzy/opt/gz_math_vendor:/opt/ros/jazzy/opt/gz_utils_vendor:/opt/ros/jazzy/opt/gz_cmake_vendor', 'WSLENV': ''}), 'shell': False}
[9.105656] (ear_segmentation) StdoutLine: {'line': b"reading manifest file 'ear_segmentation.egg-info/SOURCES.txt'\n"}
[9.105999] (ear_segmentation) StdoutLine: {'line': b"writing manifest file 'ear_segmentation.egg-info/SOURCES.txt'\n"}
[9.126984] (ear_segmentation) StdoutLine: {'line': b'Built target ament_cmake_python_build_ear_segmentation_egg\n'}
[9.136773] (ear_segmentation) CommandEnded: {'returncode': 0}
[9.137328] (ear_segmentation) JobProgress: {'identifier': 'ear_segmentation', 'progress': 'install'}
[9.137461] (ear_segmentation) Command: {'cmd': ['/usr/bin/cmake', '--install', '/home/micka/orlsurg/ros2_ws/build/ear_segmentation'], 'cwd': '/home/micka/orlsurg/ros2_ws/build/ear_segmentation', 'env': OrderedDict({'LESSOPEN': '| /usr/bin/lesspipe %s', 'USER': 'micka', 'ROS_PACKAGE_PATH': '/home/micka/orlsurg/ros2_ws/install/share', 'SHLVL': '1', 'LD_LIBRARY_PATH': '/home/micka/orlsurg/ros2_ws/install/lib:/opt/ros/jazzy/opt/rviz_ogre_vendor/lib:/opt/ros/jazzy/lib/x86_64-linux-gnu:/opt/ros/jazzy/opt/gz_math_vendor/lib:/opt/ros/jazzy/opt/gz_utils_vendor/lib:/opt/ros/jazzy/opt/gz_cmake_vendor/lib:/opt/ros/jazzy/lib', 'MOTD_SHOWN': 'update-motd', 'HOME': '/home/micka', 'OLDPWD': '/home/micka/orlsurg/ros2_ws', 'ROS_PYTHON_VERSION': '3', 'DBUS_SESSION_BUS_ADDRESS': 'unix:path=/run/user/1000/bus', 'WSL_DISTRO_NAME': 'Ubuntu-24.04', 'WAYLAND_DISPLAY': 'wayland-0', 'COLCON_PREFIX_PATH': '/home/micka/orlsurg/ros2_ws/install', 'ROS_DISTRO': 'jazzy', 'LOGNAME': 'micka', 'NAME': 'DESKTOP-5DTC4N1', 'WSL_INTEROP': '/run/WSL/608_interop', 'PULSE_SERVER': 'unix:/mnt/wslg/PulseServer', '_': '/usr/bin/colcon', 'ROS_VERSION': '2', 'PKG_CONFIG_PATH': '/home/micka/orlsurg/ros2_ws/install/lib/x86_64-linux-gnu/pkgconfig:/home/micka/orlsurg/ros2_ws/install/lib/pkgconfig', 'TERM': 'xterm-256color', 'RMW_FASTRTPS_USE_SHM': '0', 'PATH': '/opt/ros/jazzy/bin:/usr/local/sbin:/usr/local/bin:/usr/sbin:/usr/bin:/sbin:/bin:/usr/games:/usr/local/games:/usr/lib/wsl/lib:/mnt/c/Program Files/WindowsApps/MicrosoftCorporationII.WindowsSubsystemForLinux_2.6.1.0_x64__8wekyb3d8bbwe:/mnt/c/Program Files (x86)/Common Files/Oracle/Java/java8path:/mnt/c/Program Files (x86)/Common Files/Oracle/Java/javapath:/mnt/c/Program Files (x86)/VMware/VMware Workstation/bin/:/mnt/c/WINDOWS/system32:/mnt/c/WINDOWS:/mnt/c/WINDOWS/System32/Wbem:/mnt/c/WINDOWS/System32/WindowsPowerShell/v1.0/:/mnt/c/WINDOWS/System32/OpenSSH/:/mnt/c/Program Files/dotnet/:/mnt/c/Program Files/MATLAB/R2023b/runtime/win64:/mnt/c/Program Files/MATLAB/R2023b/bin:/mnt/c/Program Files/Microsoft SQL Server/150/Tools/Binn/:/mnt/c/Program Files/Microsoft SQL Server/Client SDK/ODBC/170/Tools/Binn/:/mnt/c/Program Files (x86)/Windows Kits/10/Windows Performance Toolkit/:/mnt/c/Program Files/Git/cmd:/mnt/c/Program Files/Docker/Docker/resources/bin:/mnt/c/Users/Micka/AppData/Local/Microsoft/WindowsApps:/mnt/c/Users/Micka/AppData/Local/Programs/Microsoft VS Code/bin:/mnt/c/Users/Micka/.dotnet/tools:/snap/bin', 'XDG_RUNTIME_DIR': '/run/user/1000/', 'DISPLAY': ':0', 'LANG': 'C.UTF-8', 'LS_COLORS': 'rs=0:di=01;34:ln=01;36:mh=00:pi=40;33:so=01;35:do=01;35:bd=40;33;01:cd=40;33;01:or=40;31;01:mi=00:su=37;41:sg=30;43:ca=00:tw=30;42:ow=34;42:st=37;44:ex=01;32:*.tar=01;31:*.tgz=01;31:*.arc=01;31:*.arj=01;31:*.taz=01;31:*.lha=01;31:*.lz4=01;31:*.lzh=01;31:*.lzma=01;31:*.tlz=01;31:*.txz=01;31:*.tzo=01;31:*.t7z=01;31:*.zip=01;31:*.z=01;31:*.dz=01;31:*.gz=01;31:*.lrz=01;31:*.lz=01;31:*.lzo=01;31:*.xz=01;31:*.zst=01;31:*.tzst=01;31:*.bz2=01;31:*.bz=01;31:*.tbz=01;31:*.tbz2=01;31:*.tz=01;31:*.deb=01;31:*.rpm=01;31:*.jar=01;31:*.war=01;31:*.ear=01;31:*.sar=01;31:*.rar=01;31:*.alz=01;31:*.ace=01;31:*.zoo=01;31:*.cpio=01;31:*.7z=01;31:*.rz=01;31:*.cab=01;31:*.wim=01;31:*.swm=01;31:*.dwm=01;31:*.esd=01;31:*.avif=01;35:*.jpg=01;35:*.jpeg=01;35:*.mjpg=01;35:*.mjpeg=01;35:*.gif=01;35:*.bmp=01;35:*.pbm=01;35:*.pgm=01;35:*.ppm=01;35:*.tga=01;35:*.xbm=01;35:*.xpm=01;35:*.tif=01;35:*.tiff=01;35:*.png=01;35:*.svg=01;35:*.svgz=01;35:*.mng=01;35:*.pcx=01;35:*.mov=01;35:*.mpg=01;35:*.mpeg=01;35:*.m2v=01;35:*.mkv=01;35:*.webm=01;35:*.webp=01;35:*.ogm=01;35:*.mp4=01;35:*.m4v=01;35:*.mp4v=01;35:*.vob=01;35:*.qt=01;35:*.nuv=01;35:*.wmv=01;35:*.asf=01;35:*.rm=01;35:*.rmvb=01;35:*.flc=01;35:*.avi=01;35:*.fli=01;35:*.flv=01;35:*.gl=01;35:*.dl=01;35:*.xcf=01;35:*.xwd=01;35:*.yuv=01;35:*.cgm=01;35:*.emf=01;35:*.ogv=01;35:*.ogx=01;35:*.aac=00;36:*.au=00;36:*.flac=00;36:*.m4a=00;36:*.mid=00;36:*.midi=00;36:*.mka=00;36:*.mp3=00;36:*.mpc=00;36:*.ogg=00;36:*.ra=00;36:*.wav=00;36:*.oga=00;36:*.opus=00;36:*.spx=00;36:*.xspf=00;36:*~=00;90:*#=00;90:*.bak=00;90:*.crdownload=00;90:*.dpkg-dist=00;90:*.dpkg-new=00;90:*.dpkg-old=00;90:*.dpkg-tmp=00;90:*.old=00;90:*.orig=00;90:*.part=00;90:*.rej=00;90:*.rpmnew=00;90:*.rpmorig=00;90:*.rpmsave=00;90:*.swp=00;90:*.tmp=00;90:*.ucf-dist=00;90:*.ucf-new=00;90:*.ucf-old=00;90:', 'AMENT_PREFIX_PATH': '/opt/ros/jazzy', 'SHELL': '/bin/bash', 'LESSCLOSE': '/usr/bin/lesspipe %s %s', 'ROS_AUTOMATIC_DISCOVERY_RANGE': 'SUBNET', 'PWD': '/home/micka/orlsurg/ros2_ws/build/ear_segmentation', 'XDG_DATA_DIRS': '/usr/local/share:/usr/share:/var/lib/snapd/desktop', 'PYTHONPATH': '/home/micka/orlsurg/ros2_ws/install/lib/python3.12/site-packages:/opt/ros/jazzy/lib/python3.12/site-packages', 'COLCON': '1', 'WSL2_GUI_APPS_ENABLED': '1', 'HOSTTYPE': 'x86_64', 'CMAKE_PREFIX_PATH': '/home/micka/orlsurg/ros2_ws/install:/opt/ros/jazzy/opt/gz_math_vendor:/opt/ros/jazzy/opt/gz_utils_vendor:/opt/ros/jazzy/opt/gz_cmake_vendor', 'WSLENV': ''}), 'shell': False}
[9.145769] (ear_segmentation) StdoutLine: {'line': b'-- Install configuration: ""\n'}
[9.146580] (ear_segmentation) StdoutLine: {'line': b'-- Installing: /home/micka/orlsurg/ros2_ws/install/share/ear_segmentation/environment/pythonpath.sh\n'}
[9.146810] (ear_segmentation) StdoutLine: {'line': b'-- Installing: /home/micka/orlsurg/ros2_ws/install/share/ear_segmentation/environment/pythonpath.dsv\n'}
[9.147496] (ear_segmentation) StdoutLine: {'line': b'-- Installing: /home/micka/orlsurg/ros2_ws/install/lib/python3.12/site-packages/ear_segmentation-0.0.1-py3.12.egg-info\n'}
[9.147602] (ear_segmentation) StdoutLine: {'line': b'-- Installing: /home/micka/orlsurg/ros2_ws/install/lib/python3.12/site-packages/ear_segmentation-0.0.1-py3.12.egg-info/PKG-INFO\n'}
[9.147793] (ear_segmentation) StdoutLine: {'line': b'-- Installing: /home/micka/orlsurg/ros2_ws/install/lib/python3.12/site-packages/ear_segmentation-0.0.1-py3.12.egg-info/top_level.txt\n'}
[9.147870] (ear_segmentation) StdoutLine: {'line': b'-- Installing: /home/micka/orlsurg/ros2_ws/install/lib/python3.12/site-packages/ear_segmentation-0.0.1-py3.12.egg-info/SOURCES.txt\n'}
[9.148590] (ear_segmentation) StdoutLine: {'line': b'-- Installing: /home/micka/orlsurg/ros2_ws/install/lib/python3.12/site-packages/ear_segmentation-0.0.1-py3.12.egg-info/dependency_links.txt\n'}
[9.148670] (ear_segmentation) StdoutLine: {'line': b'-- Installing: /home/micka/orlsurg/ros2_ws/install/lib/python3.12/site-packages/ear_segmentation\n'}
[9.148835] (ear_segmentation) StdoutLine: {'line': b'-- Installing: /home/micka/orlsurg/ros2_ws/install/lib/python3.12/site-packages/ear_segmentation/segment_node.py\n'}
[9.148980] (ear_segmentation) StdoutLine: {'line': b'-- Installing: /home/micka/orlsurg/ros2_ws/install/lib/python3.12/site-packages/ear_segmentation/__init__.py\n'}
[9.152659] (-) TimerEvent: {}
[9.156655] (ear_planner) StdoutLine: {'line': b'Built target ament_cmake_python_copy_ear_planner_setup\n'}
[9.156770] (ear_planner) StdoutLine: {'line': b'Built target ament_cmake_python_copy_ear_planner\n'}
[9.175329] (ear_segmentation) StdoutLine: {'line': b"Listing '/home/micka/orlsurg/ros2_ws/install/lib/python3.12/site-packages/ear_segmentation'...\n"}
[9.175480] (ear_segmentation) StdoutLine: {'line': b"Compiling '/home/micka/orlsurg/ros2_ws/install/lib/python3.12/site-packages/ear_segmentation/__init__.py'...\n"}
[9.175530] (ear_segmentation) StdoutLine: {'line': b"Compiling '/home/micka/orlsurg/ros2_ws/install/lib/python3.12/site-packages/ear_segmentation/segment_node.py'...\n"}
[9.180207] (ear_segmentation) StdoutLine: {'line': b'-- Installing: /home/micka/orlsurg/ros2_ws/install/lib/ear_segmentation/segment_node.py\n'}
[9.180450] (ear_segmentation) StdoutLine: {'line': b'-- Installing: /home/micka/orlsurg/ros2_ws/install/share/ear_segmentation/package.xml\n'}
[9.180741] (ear_segmentation) StdoutLine: {'line': b'-- Up-to-date: /home/micka/orlsurg/ros2_ws/install/share/ament_index/resource_index/packages\n'}
[9.181158] (ear_segmentation) StdoutLine: {'line': b'-- Installing: /home/micka/orlsurg/ros2_ws/install/share/ament_index/resource_index/packages/ear_segmentation\n'}
[9.181254] (ear_segmentation) StdoutLine: {'line': b'-- Installing: /home/micka/orlsurg/ros2_ws/install/share/ament_index/resource_index/package_run_dependencies/ear_segmentation\n'}
[9.181419] (ear_segmentation) StdoutLine: {'line': b'-- Installing: /home/micka/orlsurg/ros2_ws/install/share/ament_index/resource_index/parent_prefix_path/ear_segmentation\n'}
[9.181512] (ear_segmentation) StdoutLine: {'line': b'-- Installing: /home/micka/orlsurg/ros2_ws/install/share/ear_segmentation/environment/ament_prefix_path.sh\n'}
[9.181650] (ear_segmentation) StdoutLine: {'line': b'-- Installing: /home/micka/orlsurg/ros2_ws/install/share/ear_segmentation/environment/ament_prefix_path.dsv\n'}
[9.181834] (ear_segmentation) StdoutLine: {'line': b'-- Installing: /home/micka/orlsurg/ros2_ws/install/share/ear_segmentation/environment/path.sh\n'}
[9.181968] (ear_segmentation) StdoutLine: {'line': b'-- Installing: /home/micka/orlsurg/ros2_ws/install/share/ear_segmentation/environment/path.dsv\n'}
[9.182114] (ear_segmentation) StdoutLine: {'line': b'-- Installing: /home/micka/orlsurg/ros2_ws/install/share/ear_segmentation/local_setup.bash\n'}
[9.182257] (ear_segmentation) StdoutLine: {'line': b'-- Installing: /home/micka/orlsurg/ros2_ws/install/share/ear_segmentation/local_setup.sh\n'}
[9.182437] (ear_segmentation) StdoutLine: {'line': b'-- Installing: /home/micka/orlsurg/ros2_ws/install/share/ear_segmentation/local_setup.zsh\n'}
[9.182585] (ear_segmentation) StdoutLine: {'line': b'-- Installing: /home/micka/orlsurg/ros2_ws/install/share/ear_segmentation/local_setup.dsv\n'}
[9.182738] (ear_segmentation) StdoutLine: {'line': b'-- Installing: /home/micka/orlsurg/ros2_ws/install/share/ear_segmentation/package.dsv\n'}
[9.182880] (ear_segmentation) StdoutLine: {'line': b'-- Installing: /home/micka/orlsurg/ros2_ws/install/share/ament_index/resource_index/packages/ear_segmentation\n'}
[9.183426] (ear_segmentation) StdoutLine: {'line': b'-- Installing: /home/micka/orlsurg/ros2_ws/install/share/ear_segmentation/cmake/ear_segmentationConfig.cmake\n'}
[9.183587] (ear_segmentation) StdoutLine: {'line': b'-- Installing: /home/micka/orlsurg/ros2_ws/install/share/ear_segmentation/cmake/ear_segmentationConfig-version.cmake\n'}
[9.183721] (ear_segmentation) StdoutLine: {'line': b'-- Up-to-date: /home/micka/orlsurg/ros2_ws/install/share/ear_segmentation/package.xml\n'}
[9.185556] (ear_segmentation) CommandEnded: {'returncode': 0}
[9.195632] (ear_segmentation) JobEnded: {'identifier': 'ear_segmentation', 'rc': 0}
[9.253196] (-) TimerEvent: {}
[9.297518] (ear_planner) StdoutLine: {'line': b'running egg_info\n'}
[9.297970] (ear_planner) StdoutLine: {'line': b'creating ear_planner.egg-info\n'}
[9.309349] (ear_planner) StdoutLine: {'line': b'writing ear_planner.egg-info/PKG-INFO\n'}
[9.310260] (ear_planner) StdoutLine: {'line': b'writing dependency_links to ear_planner.egg-info/dependency_links.txt\n'}
[9.310471] (ear_planner) StdoutLine: {'line': b'writing top-level names to ear_planner.egg-info/top_level.txt\n'}
[9.310607] (ear_planner) StdoutLine: {'line': b"writing manifest file 'ear_planner.egg-info/SOURCES.txt'\n"}
[9.344002] (ear_planner) StdoutLine: {'line': b"reading manifest file 'ear_planner.egg-info/SOURCES.txt'\n"}
[9.344544] (ear_planner) StdoutLine: {'line': b"writing manifest file 'ear_planner.egg-info/SOURCES.txt'\n"}
[9.353741] (-) TimerEvent: {}
[9.365554] (ear_planner) StdoutLine: {'line': b'Built target ament_cmake_python_build_ear_planner_egg\n'}
[9.377023] (ear_planner) CommandEnded: {'returncode': 0}
[9.377680] (ear_planner) JobProgress: {'identifier': 'ear_planner', 'progress': 'install'}
[9.378031] (ear_planner) Command: {'cmd': ['/usr/bin/cmake', '--install', '/home/micka/orlsurg/ros2_ws/build/ear_planner'], 'cwd': '/home/micka/orlsurg/ros2_ws/build/ear_planner', 'env': OrderedDict({'LESSOPEN': '| /usr/bin/lesspipe %s', 'USER': 'micka', 'ROS_PACKAGE_PATH': '/home/micka/orlsurg/ros2_ws/install/share', 'SHLVL': '1', 'LD_LIBRARY_PATH': '/home/micka/orlsurg/ros2_ws/install/lib:/opt/ros/jazzy/opt/rviz_ogre_vendor/lib:/opt/ros/jazzy/lib/x86_64-linux-gnu:/opt/ros/jazzy/opt/gz_math_vendor/lib:/opt/ros/jazzy/opt/gz_utils_vendor/lib:/opt/ros/jazzy/opt/gz_cmake_vendor/lib:/opt/ros/jazzy/lib', 'MOTD_SHOWN': 'update-motd', 'HOME': '/home/micka', 'OLDPWD': '/home/micka/orlsurg/ros2_ws', 'ROS_PYTHON_VERSION': '3', 'DBUS_SESSION_BUS_ADDRESS': 'unix:path=/run/user/1000/bus', 'WSL_DISTRO_NAME': 'Ubuntu-24.04', 'WAYLAND_DISPLAY': 'wayland-0', 'COLCON_PREFIX_PATH': '/home/micka/orlsurg/ros2_ws/install', 'ROS_DISTRO': 'jazzy', 'LOGNAME': 'micka', 'NAME': 'DESKTOP-5DTC4N1', 'WSL_INTEROP': '/run/WSL/608_interop', 'PULSE_SERVER': 'unix:/mnt/wslg/PulseServer', '_': '/usr/bin/colcon', 'ROS_VERSION': '2', 'PKG_CONFIG_PATH': '/home/micka/orlsurg/ros2_ws/install/lib/x86_64-linux-gnu/pkgconfig:/home/micka/orlsurg/ros2_ws/install/lib/pkgconfig', 'TERM': 'xterm-256color', 'RMW_FASTRTPS_USE_SHM': '0', 'PATH': '/opt/ros/jazzy/bin:/usr/local/sbin:/usr/local/bin:/usr/sbin:/usr/bin:/sbin:/bin:/usr/games:/usr/local/games:/usr/lib/wsl/lib:/mnt/c/Program Files/WindowsApps/MicrosoftCorporationII.WindowsSubsystemForLinux_2.6.1.0_x64__8wekyb3d8bbwe:/mnt/c/Program Files (x86)/Common Files/Oracle/Java/java8path:/mnt/c/Program Files (x86)/Common Files/Oracle/Java/javapath:/mnt/c/Program Files (x86)/VMware/VMware Workstation/bin/:/mnt/c/WINDOWS/system32:/mnt/c/WINDOWS:/mnt/c/WINDOWS/System32/Wbem:/mnt/c/WINDOWS/System32/WindowsPowerShell/v1.0/:/mnt/c/WINDOWS/System32/OpenSSH/:/mnt/c/Program Files/dotnet/:/mnt/c/Program Files/MATLAB/R2023b/runtime/win64:/mnt/c/Program Files/MATLAB/R2023b/bin:/mnt/c/Program Files/Microsoft SQL Server/150/Tools/Binn/:/mnt/c/Program Files/Microsoft SQL Server/Client SDK/ODBC/170/Tools/Binn/:/mnt/c/Program Files (x86)/Windows Kits/10/Windows Performance Toolkit/:/mnt/c/Program Files/Git/cmd:/mnt/c/Program Files/Docker/Docker/resources/bin:/mnt/c/Users/Micka/AppData/Local/Microsoft/WindowsApps:/mnt/c/Users/Micka/AppData/Local/Programs/Microsoft VS Code/bin:/mnt/c/Users/Micka/.dotnet/tools:/snap/bin', 'XDG_RUNTIME_DIR': '/run/user/1000/', 'DISPLAY': ':0', 'LANG': 'C.UTF-8', 'LS_COLORS': 'rs=0:di=01;34:ln=01;36:mh=00:pi=40;33:so=01;35:do=01;35:bd=40;33;01:cd=40;33;01:or=40;31;01:mi=00:su=37;41:sg=30;43:ca=00:tw=30;42:ow=34;42:st=37;44:ex=01;32:*.tar=01;31:*.tgz=01;31:*.arc=01;31:*.arj=01;31:*.taz=01;31:*.lha=01;31:*.lz4=01;31:*.lzh=01;31:*.lzma=01;31:*.tlz=01;31:*.txz=01;31:*.tzo=01;31:*.t7z=01;31:*.zip=01;31:*.z=01;31:*.dz=01;31:*.gz=01;31:*.lrz=01;31:*.lz=01;31:*.lzo=01;31:*.xz=01;31:*.zst=01;31:*.tzst=01;31:*.bz2=01;31:*.bz=01;31:*.tbz=01;31:*.tbz2=01;31:*.tz=01;31:*.deb=01;31:*.rpm=01;31:*.jar=01;31:*.war=01;31:*.ear=01;31:*.sar=01;31:*.rar=01;31:*.alz=01;31:*.ace=01;31:*.zoo=01;31:*.cpio=01;31:*.7z=01;31:*.rz=01;31:*.cab=01;31:*.wim=01;31:*.swm=01;31:*.dwm=01;31:*.esd=01;31:*.avif=01;35:*.jpg=01;35:*.jpeg=01;35:*.mjpg=01;35:*.mjpeg=01;35:*.gif=01;35:*.bmp=01;35:*.pbm=01;35:*.pgm=01;35:*.ppm=01;35:*.tga=01;35:*.xbm=01;35:*.xpm=01;35:*.tif=01;35:*.tiff=01;35:*.png=01;35:*.svg=01;35:*.svgz=01;35:*.mng=01;35:*.pcx=01;35:*.mov=01;35:*.mpg=01;35:*.mpeg=01;35:*.m2v=01;35:*.mkv=01;35:*.webm=01;35:*.webp=01;35:*.ogm=01;35:*.mp4=01;35:*.m4v=01;35:*.mp4v=01;35:*.vob=01;35:*.qt=01;35:*.nuv=01;35:*.wmv=01;35:*.asf=01;35:*.rm=01;35:*.rmvb=01;35:*.flc=01;35:*.avi=01;35:*.fli=01;35:*.flv=01;35:*.gl=01;35:*.dl=01;35:*.xcf=01;35:*.xwd=01;35:*.yuv=01;35:*.cgm=01;35:*.emf=01;35:*.ogv=01;35:*.ogx=01;35:*.aac=00;36:*.au=00;36:*.flac=00;36:*.m4a=00;36:*.mid=00;36:*.midi=00;36:*.mka=00;36:*.mp3=00;36:*.mpc=00;36:*.ogg=00;36:*.ra=00;36:*.wav=00;36:*.oga=00;36:*.opus=00;36:*.spx=00;36:*.xspf=00;36:*~=00;90:*#=00;90:*.bak=00;90:*.crdownload=00;90:*.dpkg-dist=00;90:*.dpkg-new=00;90:*.dpkg-old=00;90:*.dpkg-tmp=00;90:*.old=00;90:*.orig=00;90:*.part=00;90:*.rej=00;90:*.rpmnew=00;90:*.rpmorig=00;90:*.rpmsave=00;90:*.swp=00;90:*.tmp=00;90:*.ucf-dist=00;90:*.ucf-new=00;90:*.ucf-old=00;90:', 'AMENT_PREFIX_PATH': '/opt/ros/jazzy', 'SHELL': '/bin/bash', 'LESSCLOSE': '/usr/bin/lesspipe %s %s', 'ROS_AUTOMATIC_DISCOVERY_RANGE': 'SUBNET', 'PWD': '/home/micka/orlsurg/ros2_ws/build/ear_planner', 'XDG_DATA_DIRS': '/usr/local/share:/usr/share:/var/lib/snapd/desktop', 'PYTHONPATH': '/home/micka/orlsurg/ros2_ws/install/lib/python3.12/site-packages:/opt/ros/jazzy/lib/python3.12/site-packages', 'COLCON': '1', 'WSL2_GUI_APPS_ENABLED': '1', 'HOSTTYPE': 'x86_64', 'CMAKE_PREFIX_PATH': '/home/micka/orlsurg/ros2_ws/install:/opt/ros/jazzy/opt/gz_math_vendor:/opt/ros/jazzy/opt/gz_utils_vendor:/opt/ros/jazzy/opt/gz_cmake_vendor', 'WSLENV': ''}), 'shell': False}
[9.386071] (ear_planner) StdoutLine: {'line': b'-- Install configuration: ""\n'}
[9.386893] (ear_planner) StdoutLine: {'line': b'-- Installing: /home/micka/orlsurg/ros2_ws/install/share/ear_planner/environment/pythonpath.sh\n'}
[9.387045] (ear_planner) StdoutLine: {'line': b'-- Installing: /home/micka/orlsurg/ros2_ws/install/share/ear_planner/environment/pythonpath.dsv\n'}
[9.387183] (ear_planner) StdoutLine: {'line': b'-- Installing: /home/micka/orlsurg/ros2_ws/install/lib/python3.12/site-packages/ear_planner-0.0.1-py3.12.egg-info\n'}
[9.387524] (ear_planner) StdoutLine: {'line': b'-- Installing: /home/micka/orlsurg/ros2_ws/install/lib/python3.12/site-packages/ear_planner-0.0.1-py3.12.egg-info/PKG-INFO\n'}
[9.387670] (ear_planner) StdoutLine: {'line': b'-- Installing: /home/micka/orlsurg/ros2_ws/install/lib/python3.12/site-packages/ear_planner-0.0.1-py3.12.egg-info/top_level.txt\n'}
[9.387807] (ear_planner) StdoutLine: {'line': b'-- Installing: /home/micka/orlsurg/ros2_ws/install/lib/python3.12/site-packages/ear_planner-0.0.1-py3.12.egg-info/SOURCES.txt\n'}
[9.387931] (ear_planner) StdoutLine: {'line': b'-- Installing: /home/micka/orlsurg/ros2_ws/install/lib/python3.12/site-packages/ear_planner-0.0.1-py3.12.egg-info/dependency_links.txt\n'}
[9.388111] (ear_planner) StdoutLine: {'line': b'-- Installing: /home/micka/orlsurg/ros2_ws/install/lib/python3.12/site-packages/ear_planner\n'}
[9.388437] (ear_planner) StdoutLine: {'line': b'-- Installing: /home/micka/orlsurg/ros2_ws/install/lib/python3.12/site-packages/ear_planner/csv_path_publisher.py\n'}
[9.388576] (ear_planner) StdoutLine: {'line': b'-- Installing: /home/micka/orlsurg/ros2_ws/install/lib/python3.12/site-packages/ear_planner/planner_action_server.py\n'}
[9.388718] (ear_planner) StdoutLine: {'line': b'-- Installing: /home/micka/orlsurg/ros2_ws/install/lib/python3.12/site-packages/ear_planner/__init__.py\n'}
[9.416783] (ear_planner) StdoutLine: {'line': b"Listing '/home/micka/orlsurg/ros2_ws/install/lib/python3.12/site-packages/ear_planner'...\n"}
[9.416927] (ear_planner) StdoutLine: {'line': b"Compiling '/home/micka/orlsurg/ros2_ws/install/lib/python3.12/site-packages/ear_planner/__init__.py'...\n"}
[9.416976] (ear_planner) StdoutLine: {'line': b"Compiling '/home/micka/orlsurg/ros2_ws/install/lib/python3.12/site-packages/ear_planner/csv_path_publisher.py'...\n"}
[9.417017] (ear_planner) StdoutLine: {'line': b"Compiling '/home/micka/orlsurg/ros2_ws/install/lib/python3.12/site-packages/ear_planner/planner_action_server.py'...\n"}
[9.421371] (ear_planner) StdoutLine: {'line': b'-- Installing: /home/micka/orlsurg/ros2_ws/install/lib/ear_planner/planner_action_server.py\n'}
[9.421572] (ear_planner) StdoutLine: {'line': b'-- Installing: /home/micka/orlsurg/ros2_ws/install/lib/ear_planner/csv_path_publisher.py\n'}
[9.421736] (ear_planner) StdoutLine: {'line': b'-- Installing: /home/micka/orlsurg/ros2_ws/install/share/ear_planner/launch\n'}
[9.422157] (ear_planner) StdoutLine: {'line': b'-- Installing: /home/micka/orlsurg/ros2_ws/install/share/ear_planner/launch/__pycache__\n'}
[9.422610] (ear_planner) StdoutLine: {'line': b'-- Installing: /home/micka/orlsurg/ros2_ws/install/share/ear_planner/launch/__pycache__/planning_demo.launch.cpython-312.pyc\n'}
[9.422774] (ear_planner) StdoutLine: {'line': b'-- Installing: /home/micka/orlsurg/ros2_ws/install/share/ear_planner/launch/planning_demo.launch.py\n'}
[9.422941] (ear_planner) StdoutLine: {'line': b'-- Installing: /home/micka/orlsurg/ros2_ws/install/share/ear_planner/package.xml\n'}
[9.423083] (ear_planner) StdoutLine: {'line': b'-- Up-to-date: /home/micka/orlsurg/ros2_ws/install/share/ament_index/resource_index/packages\n'}
[9.423229] (ear_planner) StdoutLine: {'line': b'-- Installing: /home/micka/orlsurg/ros2_ws/install/share/ament_index/resource_index/packages/ear_planner\n'}
[9.423284] (ear_planner) StdoutLine: {'line': b'-- Installing: /home/micka/orlsurg/ros2_ws/install/share/ament_index/resource_index/package_run_dependencies/ear_planner\n'}
[9.423429] (ear_planner) StdoutLine: {'line': b'-- Installing: /home/micka/orlsurg/ros2_ws/install/share/ament_index/resource_index/parent_prefix_path/ear_planner\n'}
[9.423576] (ear_planner) StdoutLine: {'line': b'-- Installing: /home/micka/orlsurg/ros2_ws/install/share/ear_planner/environment/ament_prefix_path.sh\n'}
[9.423759] (ear_planner) StdoutLine: {'line': b'-- Installing: /home/micka/orlsurg/ros2_ws/install/share/ear_planner/environment/ament_prefix_path.dsv\n'}
[9.423890] (ear_planner) StdoutLine: {'line': b'-- Installing: /home/micka/orlsurg/ros2_ws/install/share/ear_planner/environment/path.sh\n'}
[9.424083] (ear_planner) StdoutLine: {'line': b'-- Installing: /home/micka/orlsurg/ros2_ws/install/share/ear_planner/environment/path.dsv\n'}
[9.424246] (ear_planner) StdoutLine: {'line': b'-- Installing: /home/micka/orlsurg/ros2_ws/install/share/ear_planner/local_setup.bash\n'}
[9.424396] (ear_planner) StdoutLine: {'line': b'-- Installing: /home/micka/orlsurg/ros2_ws/install/share/ear_planner/local_setup.sh\n'}
[9.424552] (ear_planner) StdoutLine: {'line': b'-- Installing: /home/micka/orlsurg/ros2_ws/install/share/ear_planner/local_setup.zsh\n'}
[9.424696] (ear_planner) StdoutLine: {'line': b'-- Installing: /home/micka/orlsurg/ros2_ws/install/share/ear_planner/local_setup.dsv\n'}
[9.424858] (ear_planner) StdoutLine: {'line': b'-- Installing: /home/micka/orlsurg/ros2_ws/install/share/ear_planner/package.dsv\n'}
[9.425020] (ear_planner) StdoutLine: {'line': b'-- Installing: /home/micka/orlsurg/ros2_ws/install/share/ament_index/resource_index/packages/ear_planner\n'}
[9.425473] (ear_planner) StdoutLine: {'line': b'-- Installing: /home/micka/orlsurg/ros2_ws/install/share/ear_planner/cmake/ear_plannerConfig.cmake\n'}
[9.425615] (ear_planner) StdoutLine: {'line': b'-- Installing: /home/micka/orlsurg/ros2_ws/install/share/ear_planner/cmake/ear_plannerConfig-version.cmake\n'}
[9.425762] (ear_planner) StdoutLine: {'line': b'-- Up-to-date: /home/micka/orlsurg/ros2_ws/install/share/ear_planner/package.xml\n'}
[9.427841] (ear_planner) CommandEnded: {'returncode': 0}
[9.437688] (ear_planner) JobEnded: {'identifier': 'ear_planner', 'rc': 0}
[9.438494] (-) EventReactorShutdown: {}
